Ceres	c[16]
Pallas	b[6][16]
Juno	s[3][12]
Vesta	v[6][17]
Astraea	s
Hebe	s
Iris	s
Flora	s[1]
Metis	s[7]
Hygiea	c[1]
Parthenope	s-type asteroid[3]
Victoria	s (tholen)l (smass)[2]a[3]
Egeria	g-type asteroid[3]
Irene	s[2]
Eunomia	s-type asteroid[3]
Psyche	tholen = m[3]smass = x[3]bus-demeo = xk[9]
Thetis	b–v = 0.829[1]u–b = 0.438[1]s (tholen)[1]sl (smass)[1] · s[10]
Melpomene	s[3][7]
Fortuna	g[2]
Massalia	tholen = s[5]smass = s[5]
Lutetia	m (tholen)[2]
Kalliope	m (tholen)[2]x (smass)[2]x (bus-demeo)[8]
Thalia	s[2]
Themis	c/b[4] (b-v=0.68)
Phocaea	tholen = s[1]smass = s[1][5] · s[13]b–v = 0.932[1]u–b = 0.513[1]
Proserpina	s[3]
Euterpe	tholen = s[1]smass = s[1] · s[21][4]b–v = 0.878[1]u–b = 0.502[1]
Bellona	s[2]
Amphitrite	s[6][4]
Urania	s[3][4][5]
Euphrosyne	c[3][7]
Pomona	s[2]
Polyhymnia	s[3] or sq[8]
Circe	c
Leukothea	c
Atalante	c[1]
Fides	s
Leda	c[2]
Laetitia	s[2]
Harmonia	s
Daphne	c[1]
Isis	s
Ariadne	s
Nysa	e[7]
Eugenia	f[11]
Hestia	c
Aglaja	c (tholen)b (smassii)[7]
Doris	c[3]
Pales	c[9]
Virginia	ch[3]
Nemausa	g
Europa	c/cf[2]
Alexandra	tholen = c[1]smass = c[1]
Pandora	tholen = m[3][4]smass = x[3]
Melete	p[2]
Mnemosyne	s
Concordia	c
Elpis	cp/b[3]
Echo	s[1]
Danae	tholen = s[1]smass = s[1][4]b–v = 0.852[1]u–b = 0.402[1]
Erato	ch (smassii)bu (tholen)
Ausonia	tholen = s[1]smass = sa[1]s[5][26]b–v = 0.916[1]u–b = 0.500[1]
Angelina	e
Cybele	tholen = p[1]smass = xc[1] · x[23]b–v = 0.690[1]u–b = 0.271[1]v–r = 0.400±0.007[24]
Maja	tholen = c[1] · c[4]smass = ch[1]b–v = 0.697[1]u–b = 0.360[1]v–r = 0.374±0.010[19]
Asia	s
Leto	s
Hesperia	m
Panopaea	c[8]
Niobe	tholen = s[4]smass = xe[4] · m[11] · a[21] · x[9]b–v = 0.803[4]u–b = 0.439[4]
Feronia	tdg[6]
Klytia	s
Galatea	c[6]
Eurydike	m[5]
Freia	cp
Frigga	m
Diana	c
Eurynome	s
Sappho	s-type asteroid
Terpsichore	c
Alkmene	s[3]
Beatrix	x
Klio	g[3]
Io	fc (tholen)[2]b (smassii)[2]
Semele	c
Sylvia	x[7]
Thisbe	b[2]
Julia	s
Antiope	c[8]
Aegina	c
Undina	m
Minerva	c[2]g?[3]
Aurora	c[3]
Arethusa	c
Aegle	tholen = t[5]smass = t[5][6]bus–demeo = t[19]b–v = 0.775[5]u–b = 0.337[5]
Klotho	m (tholen)x (bus)xc (demeo et al)[6]
Ianthe	c
Dike	c (tholen)xk (bus)[7]
Hekate	s-type asteroid
Helena	s[3]
Miriam	p (tholen classification)[9]  c (smassii classification)[9]
Hera	s[5]
Klymene	c
Artemis	c (tholen)ch (bus)[9]
Dione	g (tholen)cgh (bus)[5]
Camilla	x (smass)[1][18]c (tholen)p (wise)[19]b–v = 0.705[1]u–b = 0.298[1]
Hecuba	s[6]
Felicitas	gc (tholen)[3]
Lydia	m (tholen)x (bus)xk (demeo et al.)[5]
Ate	c[5]
Iphigenia	c
Amalthea	s
Kassandra	t (tholen)[3]
Thyra	s[4]
Sirona	s
Lomia	xc[4]
Peitho	s
Althaea	s
Lachesis	c[4]
Hermione	c[10]
Gerda	s[4]
Brunhild	s[2]
Alkeste	s
Liberatrix	m (tholen)[3]
Velleda	s
Johanna	cx[6] (tholen)ch[6] (bus)
Nemesis	tholen = c[3]smass = c[3]
Antigone	m
Elektra	g (tholen)[5]ch (smass)[5]
Vala	k[3] (bus)
Aethra	m-type (tholen)xe-type (bus)[5]: 142
Cyrene	s[6]
Sophrosyne	c (tholen)[4]
Hertha	m[8]
Austria	m[4]
Meliboea	c (tholen)[8]
Tolosa	s
Juewa	cp (tholen)[4]
Siwa	c-type asteroid[3]
Lumen	c
Polana	f/b[1]b−v=0.621±0.022[1]u−b=0.236±0.035[1]
Adria	c
Vibilia	c (tholen), ch (smass)c[15]b–v = 0.727[1]u–b = 0.402[1]
Adeona	c (tholen)[8]
Lucina	c[6] (tholen)
Protogeneia	c
Gallia	tholen = gu[4]smass = s[4][10]b–v = 0.858[4]u–b = 0.423[4]
Medusa	s
Nuwa	c[5]
Abundantia	s[5]
Atala	d[7]
Hilda	p[4]
Bertha	c[7]
Scylla	tholen = xfc[4][18]b–v = 0.688[4]u–b = 0.234[4]
Xanthippe	tholen = c[5]smass = ch[5][8]b–v = 0.713[5]u–b = 0.315[5]
Koronis	s[6]
Aemilia	c[4] (tholen)
Una	c[6]
Athor	m[10]
Laurentia	c
Erigone	c[6] (tholen)
Eva	c
Rhodope	tholen = gc:[1]smass = xe[1]c[16] · p[9] · x[5]b–v = 0.725[1]u–b = 0.425[1]
Urda	s
Sibylla	c
Zelia	o (bus & binzel)[2]
Maria	s[2]
Ophelia	c
Baucis	s
Ino	tholen = c[4]smass = xk[4]b–v = 0.705[4]u–b = 0.305[4]
Phaedra	s
Andromache	c
Iduna	g
Irma	c
Belisana	tholen = s[3]smass = s[3] · s[6]b–v = 0.904[3]u–b = 0.486[3]
Klytaemnestra	tholen = s[4]smass = sk[4]b–v = 0.832[4]u–b = 0.408[4]
Garumna	s[3]
Eucharis	s (tholen)xk (bus)[4]
Elsa	tholen = s[3]smass = s[3][12]b–v = 0.862[3]u–b = 0.425[3]
Istria	tholen = s[4]smass = s[4][13]s[14][15]b–v = 0.842[4]u–b = 0.359[4]
Dejopeja	m
Eunike	c
Celuta	sk
Lamberta	c[4] (tholen)
Menippe	s
Phthia	s[7] (tholen)
Ismene	p
Nausikaa	s
Prokne	c
Eurykleia	ch[3]
Philomela	s[5]
Arete	s[8]
Ampella	s
Dynamene	c
Penelope	tholen = m[5]
smass = x[3]
b–v = 0.720[3]
u–b = 0.233[3]
Chryseis	s
Pompeja	dcx:
Kallisto	s
Martha	c
Hersilia	c
Hedda	c
Lacrimosa	s
Dido	c
Isabella	cf
Isolda	c[5] (tholen)
Medea	dcx:[4]
Lilaea	f[3]
Aschera	e
Oenone	s
Kleopatra	m (tholen)[4] · xe (smass)[4]m[14][16]b–v = 0.713[4]u–b = 0.238[4]
Eudora	c
Bianca	s[3] (tholen)
Thusnelda	s[2] (tholen)
Stephania	tholen = xc[1][4]c[14] · p[11]
Eos	k
Lucia	c?
Rosa	cp
Oceana	m
Henrietta	c
Weringia	unknown
Agathe	b–v = 0.918u–b = 0.596s (tholen), s (smass)
Adelinda	c
Athamantis	s
Russia	c
Asterope	tholen = t[2]smass = k[2]
Barbara	s
Carolina	s
Honoria	s
Coelestina	s
Hypatia	c
Adrastea	unknown
Vanadis	c
Germania	cp/b[2]
Ida	s[12]
Sita	s[4]
Vera	s[2]
Asporina	r
Eukrate	cp
Bettina	m
Sophia	s (s3os2-th)[12]
sl (s3os2-bb)[12]
l (sdss-moc)[13]
Mathilde	cb[2]
Augusta	b–v = 0.845u–b = 0.505tholen = s
Oppavia	x[2]
Silesia	b–v = 0.761u–b = 0.384sctu (tholen)ch (smass)
Tyche	b–v = 0.876u–b = 0.459s (tholen), s (smass)
Aletheia	b–v = 0.698u–b = 0.311cp (tholen), x (smass)
Huberta	cx
Prymno	b
Libussa	s
Aline	c
Tirza	du
Adorea	fc
Justitia	rr or ir (tno classification)[3]z-type asteroid[9]ld-type (smassii classification)[5][7]d-type (bus–demeo classification)[7]
Anahita	s
Sapientia	c
Adelheid	tholen = x[1] · p[4][23]b–v = 0.708[1]u–b = 0.271[1]
Thule	b−v=0.75[2]u−b=0.32[2]d (tholen)[2]x (smassii)[2]
Lucretia	s[5]
Nephthys	s
Glauke	s[2]
Alice	s[6]
Ludovica	s[5]
Baptistina	x-type
Clarissa	f
Olga	c
Unitas	s
Nike	c
Polyxo	t[4] (tholen)
Pierretta	s/sk
Chaldaea	c
Roxane	e
Leona	p[8] · x[9] · c[4]
Phaeo	tholen = x[4]smass = x[4]b–v = 0.719[4]u–b = 0.230[4]
Brucia	tholen = s[1][4]b–v = 0.893[1]u–b = 0.480[1]
Bamberga	c-type asteroid[7]
Tamara	c
Columbia	smass = sl[1] · s[4]
Gudrun	cgh[4]
Svea	c
Adalberta	s[3]
Badenia	tholen = c:[3]
b–v = 0.773±0.028[3]
u–b = 0.401±0.042[3]
Chicago	c
Roberta	b–v = 0.624u–b = 0.235fp (tholen)b (smass)[1]
Lacadiera	d
Devosa	x[1]
Budrosa	m
Dorothea	s (tholen)k (smassii)
California	s[4]
Desiderata	c?
Tercidina	c[1]
Hermentaria	s
Pariana	m
Dembowska	r[1][2]
Ornamenta	c
Gisela	s[2]
Eleonora	s
Georgia	x
Carlova	c
Bononia	d
Isara	tholen = s[1] · s[6]b–v = 0.912[1]u–b = 0.538[1]
Corduba	c
Haidea	pd
Aeria	tholen = m[1][4] · m[13][16]b–v = 0.711[1]u–b = 0.274[1]
Palma	bfc/b[2]
Melusina	c
Burgundia	s
Ursula	tholen = c[1]smass = xc[1]b–v = 0.683[1]u–b = 0.341[1]
Geometria	s (tholen)si (smassii)[2]
Campania	pd-type (tholen)ch-type (smassii)[3]
Holmia	s-type[5]: 212
Huenna	b-type (tholen)[1]c-type (smassii)[7]
Fiducia	c-type
Myrrha	c
Dodona	m
Janina	b[2]
Ilmatar	s
Siegena	c
Aquitania	tholen = s[4]smass = l[4]b–v = 0.881[4]u–b = 0.449[4]
Charybdis	c
Industria	tholen = s[3]
smass = s[3]
b–v = 0.855±0.039[3]
u–b = 0.420±0.056[3]
Alma	s-type asteroid
Ingeborg	tholen = s[1]smass = s[1][5]
Delia	c (tholen)
Admete	smass = c[1]c[4]
Ducrosa	b[3]
Chloe	k
Arsinoe	c
Thia	c[2]
Erna	tholen = p[1][5] · p[16]b–v = 0.738[1]u–b = 0.273[1]
Arachne	c[4]
Chloris	c[2]
Liriope	c
Palatia	dp
Suevia	ks
Alemannia	tholen = m[1][7] · m[11]b–v = 0.703[1]u–b = 0.225[1]
Aurelia	f
Bertholda	p
Zahringia	s (tholen)[1]
Diotima	c[2]
Hippo	f
Lotis	c?
Nephele	c
Eros	s (tholen)s (smass)[1]b–v = 0.921[1]u–b = 0.531[1]
Hungaria	e[1]
Eichsfeldia	bv = 0.692 magub = 0.331 magtholen = csmassii = ch
Photographica	s
Gyptis	c[1]
Aeternitas	a[1]
Hamburga	tholen = c[1][4] · c[14]b–v = 0.701[1]u–b = 0.378[1]
Tea	s
Abnoba	smass = s[1][9]s[15]
Alleghenia	c[4]
Hercynia	tholen = s[1]smass = l[1] · l[17] · m[11]b–v = 0.885[1]u–b = 0.471[1]
Signe	tholen = s[1]
Scania	smass = k[3]
Saskia	tholen = fcx[4][14]x (s3os2)[5][15]b–v = 0.610±028[4]u–b = 0.310±014[4]
Eriphyla	tholen = s[4]
smass = s[4]
b–v = 0.834±0.041[4]
u–b = 0.421±0.030[4]
Lola	t
Megaira	tholen = fxu:[4]
smass = c[4]
b–v = 0.638±0.063[4]
Tisiphone	c[3]
Lina	tholen = cpf[1] · p[11] · cpf[4]b–v = 0.660[1]u–b = 0.313[1]
Argentina	p[7]
Kilia	s
Papagena	s[1]
Ocllo	x[2]
Hedwig	p (tholen), x (smassii)
Italia	t/b
Tergeste	b–v = 0.850[1]u–b = 0.445[1]s (tholen)[1]l (smass)[1] · l[4]
Hansa	tholen = s[3][4]b–v = 0.854[3]u–b = 0.439[3]
Venetia	b–v = 0.852[1]u–b = 0.424[1]tholen = s[1] · k[17] · s[4]
Kreusa	c (tholen)[1]b−v=0.691±0.06[1]u−b=0.368±0.030[1]
Griseldis	p[2]
Virtus	c
Cora	smass = x[1] · m[8][13] · x[4]
Davida	c
Taurinensis	tholen = s[1]smass = s[1][4]b–v = 0.917[1]u–b = 0.525[1]
Centesima	s (tholen)k (smassii)[2]
Athalia	tholen = no classification possible[1]smass = cb[1]b–v = 0.875[1]u–b = 0.415[1]
Amherstia	m-type asteroid
Edith	tholen = x[1] · c[12] · p[3]b–v = 0.711[1]u–b = 0.327[1]
Sylvania	s
Franziska	tholen = cgu[1][4]b–v = 0.738[1]
Turandot	f[2]
Zerlina	smass = b[1] · b[8]
Herculina	s[1]
Friederike	b-type asteroid[6]
Pamina	ch
Herodias	c
Praxedis	tholen = xd:[1]smass = xk[1]b–v = 0.761[1]u–b = 0.254[1]
Kressida	s
Norma	smass = b[1] · b[9][15]c[4]
Suleika	s
Tauntonia	xk (smassii)[2]
Hypsipyle	s[4]
Achilles	tholen = du[3][12]b–v = 0.755[3]u–b = 0.216[3]v–i = 0.940±0.019[12]
Croatia	tholen = cx[1][4] · p[10]b–v = 0.73[1]u–b = 0.368[1]
Brangane	tholen = tsd[3]smass = k[3][10]b–v = 0.770[3]u–b = 0.391[3]
Roswitha	cx
Patroclus	d (tholen)[19]c0 (barucci)[19]d (tedesco)[19]u–b = 0.215±0.045[19]b–v = 0.710±0.050[20]v–r = 0.420±0.030[20]v–i = 0.830±0.020[20]
Triberga	s[6]
Esther	s-type asteroid
Hektor	d (tholen)[4]
Charis	tholen = xb:[1]smass = x[1][3] · p[6]b–v = 0.680[1]u–b = 0.261[1]
Euphemia	s-type asteroid
Agnes	v–r = 0.500±0.050[6]s[4][11]
Agrippina	b–v = 0.871u–b = 0.412tholen = s[1] · s[8]
Adelgunde	tholen = x[1] · s[3]b–v = 0.719[1]u–b = 0.297[1]
Beagle	c (sdss-moc)[8]
Nestor	xc (tholen)[4]c0 (barucci)[8]u–b = 0.249±058[4]b–v = 0.719±034[4]v–i = 0.790±0.039[5]br = 1.410±0.068[5]
Desdemona	s[5]
Ludmilla	s
Hagar	s (assumed)[10]
c (assumed)[8]
v–r = 0.400±0.040[8]
Hildburg	s[4][12]
b–v = 0.960±0.020[3]
u–b = 0.500±0.030[3]
Melanie	smass = c[3]
b–v = 0.760±0.030[3]
Hippodamia	b–v = 0.860u–b = 0.435tholen = ss[11]
Ernestina	c (assumed)[4]
cgx, undef. (movis)[13]
Oriola	c[1]
Alauda	c (tholen)[2]b (smassii)[2]
Noemi	s[3]
Interamnia	f/b[2]
Erminia	x (tholen) c (smassii)b-v = 0.667–0.725u-b = 0.249–0.327
Hirundo	smass = cgh[4]
Boliviana	c (tholen),[1]x (smassii)[1]
Berkeley	tholen = s[4]
smass = s[4]
b–v = 0.860±0.068[4]
u–b = 0.351±0.068[4]
Wisibada	tholen = dx:[3]
b–v = 0.701±0.061[3]
u–b = 0.242±0.073[3]
Albert	smass = s[1] · s[4][8][9] · x[10]b–v = 0.855±0.023[9]v–r = 0.491±0.012[9]v–i = 0.870±0.013[9]
Frieda	s (smass-i)[6]
Amanda	tholen = csu [4]
c0 (barucci)
b–v = 0.738±0.046[4]
u–b = 0.417±0.070[4]
Leonisis	a or  ld
Athanasia	s (assumed)[10]
Sorga	tholen = cd[3]
smass = xe[3]
b–v = 0.691±0.030[3]
u–b = 0.312±0.028[3]
Tjilaki	d (s3os2)[12]
d (polarimetric)[13]
Benda	x (s3os2)[12]
Marghanna	tholen = c[3]
smass = ch[3]
c (sdss-moc)[12]
b–v = 0.705±0.031[3]
u–b = 0.318±0.021[3]
Harvard	tholen = s[3]
b–v = 0.900±0.020[3]
u–b = 0.510±0.020[3]
Arequipa	s
Botolphia	x
Aguntina	b–v = 0.657u–b = 0.161tholen = fx:f[3]
Mauritia	c (assumed)[11]
Marlu	tholen = p[3]
p (s3os2-th)[11]
c (s3os2-bb)[11]
c (sdss-moc)[12]
b–v = 0.726±0.028[3]
u–b = 0.283±0.050[3]
Simeisa	tholen = p[3]
x (sdss-moc)[10]
b–v = 0.694±0.014[3]
u–b = 0.206±0.035[3]
Malzovia	tholen = s[3]
smass = s[3]
b–v = 0.857±0.020[3]
u–b = 0.504±0.030[3]
Faina	tholen = c[3]
smass = ch[3]
u–b = 0.376±0.030[3]
b–v = 0.685±0.018[3]
Sulamitis	c (assumed)[6]
Malabar	ch[4]
Quintilla	tholen = m[4]
u–b = 0.220±0.023[4]
b–v = 0.670±0.030[12]
v–r = 0.410±0.030[12]
Portlandia	m
Vinifera	smass = x[4]
Massinga	tholen = su[3]
s (s3os2-th)[12]
sl (s3os2-bb)[12]
b–v = 0.947±0.054[3]
u–b = 0.557±0.038[3]
Brendelia	sc[2]
Cupido	sl (sdss-moc)[12]
Gedania	tholen = c[3]
caa (s3os2-th)[11]
ch (s3os2-bb)[11]
b–v = 0.737±0.014[3]
u–b = 0.400±0.043[3]
Bondia	smass = b[3][11]
Bali	s (tholen)[3]
Libera	b–v = 0.687u–b = 0.300x (tholen), x (smass), x[4]
Irmintraud	b–v = 0.706u–b = 0.284d (tholen), t (smass)[1]t[3]
Berbericia	c[4] (tholen)
Gutemberga	c (s3os2-th)[11]
cb (s3os2-bb)[11]
Nina	smass = x[3]
x (s3os2)[11]
m (belskaya)[12]
Nora	smass = c[3]
Pickeringia	smass = c[3][5]
v–r = 0.416±0.023[12]
Bredichina	tholen = c[3]
b–v = 0.692±0.021[3]
u–b = 0.254±0.029[3]
Hohensteina	c[6]
Lena	smass = x[1] · m[7] · x[4]
Ani	tholen = c[3]
c (s3os2-th)[12]
ch (s3os2-bb)[12]
b–v = 0.708±0.020[3]
u–b = 0.282±0.026[3]
Arizona	du:[1]
Irenaea	c (assumed)[5]
Fini	smass = c[3]
c (movis)[10][11]
Sarita	xd (tholen), m (rivkin)[2]
Montana	b–v = 0.887[1]u–b = 0.505[1]s (tholen)[1]s (smass)[1]
Ruth	m[3]
Epyaxa	s[3]
Picka	td (smass-i, xu)[5]
d (sdss-moc)[11]
v–r = 0.488±0.011[12]
Hispania	p
Gyldenia	c[4]
Ceraskia	tholen = s[3]
cgx (movis)[13][7]
b–v = 0.845±0.053[3]
u–b = 0.447±0.033[3]
Merxia	s-type asteroid[1]
Lundia	v
Atossa	s (assumed)[10]
Adele	s (family-based)[10][11]
Baumeia	s (movis)[11]
s (smass-i)[5]
Tauris	tholen = c[3]
smass = c[3]
x (s3os2)[14]
b–v = 0.701±0.009[3]
u–b = 0.316±0.023[3]
v–r = 0.402±0.011[15]
Annika	s (s3os2-th)[16]
sl (s3os2-bb)[16]
Fanny	tholen = c[3]
smass = ch[3]
c (sdss-moc)[11]
v–r = 0.37±0.03[10]
b–v = 0.706±0.020[3]
u–b = 0.321±0.027[3]
Lalage	tholen = dxcu[4]
a (s3os2-th)[10]
sl (s3os2-bb)[10]
b–v = 0.766±0.020[4]
Tanina	tholen = sr[3]
smass = s[3]
b–v = 0.912±0.041[3]
u–b = 0.525±0.089[3]
Henrika	smass = c[3]
undefined (movis)[10]
Wolfiana	s (assumed)[3]
Petropolitana	tholen = s[3]
b–v = 0.899±0.010[3]
u–b = 0.500±0.020[3]
Burnhamia	tholen = gs:[3]
x (s3os2)[11]
b–v = 0.752±0.020[3]
u–b = 0.472±0.047[3]
Olivia	c (sdss-moc)[10]
Jole	s (sdss-moc)[9]
Seraphina	tholen = p[3]
x (s3os2)[12]
b–v = 0.703±0.016[3]
u–b = 0.324±0.023[3]
Kerstin	c (assumed)[12]
Leontina	smass = x[1] · s[6]
Naema	smass = c[3]
Inna	c (s3os2-th)[9]cb (s3os2-bb)[9]
Ara	tholen = m[4]
m (tholen like)[11]
x (bus–demeo like)[12]
u–b = 0.252±0.016[4]
b–v = 0.700±0.010[13]
v–r = 0.37±0.03[12]
v–i = 0.79±0.04[12]
Altona	x (s3os2)[11]
Newcombia	s (sdss-moc)[11]
Backlunda	smass = c[3]
c (movis)[10][11]
b–v = 0.680±0.020[3]
v–r = 0.411±0.010[12]
El Djezair	tholen = s
Aida	c[3]
Franzia	smass = s[3]
Zubaida	l (sdss-moc)[10]
s (sdss-mfb)[a]
Fatme	smass = x[3]
Kovacia	c (sdss-moc)[12]
b (mothe-diniz)[13]
Lova	tholen = c:[3]
smass = ch[3]
b–v = 0.711±0.020[3]
u–b = 0.362±0.030[3]
Mellena	c (s3os2)[10]
c (sdss-moc)[11]
Manto	smass = s[3]
s (s3os2)[10]
Mechthild	tholen = pc[3]
c0 (barucci)
b–v = 0.684±0.022[3]
u–b = 0.319±0.037[3]
Rotraut	caa (s3os2-th)[11]
ch (s3os2-bb)[11]
Walkure	tholen = f[3]
c0 (barucci)[10]
c (sdss-moc)[11]
b–v = 0.636±0.034[3]
u–b = 0.250±0.049[3]
Mildred	s[3]
Herba	f-type
Athene	s (s3os2-th)[10]
sl (s3os2-bb)[10]
l (sdss-moc)[11]
Swetlana	x (s3os2-th)[10]
x (s3os2-bb)[10]
Priamus	d (tholen)[11]d (pan-starrs)[5][12]u–b = 0.229±051[11]b–v = 0.750±0.050[13]v–r = 0.450±0.030[13]v–i = 0.900±0.017[5]
Ulrike	c (assumed)[9]
Alinda	b–v = 0.832u–b = 0.436tholen = s
Parysatis	tholen = s[4]
b–v = 0.879±0.015[4]
u–b = 0.498±0.035[4]
Erynia	s (s3os2-th)[10]
sl (s3os2-bb)[10]
Gunhild	d (s3os2-th)[10]
t (s3os2-bb)[10]
d (sdss-moc)[11]
Leopoldina	tholen = xf[3]
c (s3os2)[10]
b–v = 0.670±0.031[3]
u–b = 0.226±0.044[3]
Erda	x (s3os2)[5][10]
Helio	fcb/b[2]
Sphinx	n.a.
Hildegard	smass = sl[4]
Rosalinde	sd (smass-i; xu)[5]
b–v = 0.860±0.020[3]
u–b = 0.390±0.030[3]
Rockefellia	caa (s3os2-th)[10]
ch (s3os2-bb)[10]
Rhoda	tholen = c[4]
smass = xk[4]
c0 (barucci)[6]
b–v = 0.709±0.020[4]
u–b = 0.269±0.029[4]
Buda	smass = l[4]
d (bus–demeo)[6][11]
b–v = 0.820±0.020[4]
u–b = 0.350±0.030[4]
Ulla	tholen = x[6][5][10]
b–v = 0.689[6]
u–b = 0.279[6]
Anneliese	smass = ch[4]
v–r = 0.369±0.020[10]
Agamemnon	d (tholen)[4][5]d (s3os2)[18]u–b = 0.215±0.021[19]b–v = 0.760±0.014[19]v–i = 0.980±0.038[5]
Maritima	c[1]
Otila	smass = sa[3]
sw (bus–demeo)[10][11]
Palisana	b–v = 0.741u–b = 0.368tholen = cu[3][8]c[2]
Lyka	x (s3os2)[9]
Itha	s (smass-i; xu)[10]
Ilsebill	smass = c[3]
c (sdss-moc)[10]
Rogeria	tholen = dtu[4]
x (sdss-moc)[11]
b–v = 0.800±0.020[4]
u–b = 0.300±0.032[4]
Jovita	caa (s3os2-th)[11]
ch (s3os2-bb)[11]
Schlutia	n.a.
Herluga	c (s3os2)[11]
Toni	tholen = cx[4]
smass = x[4]
b–v = 0.720±0.010[4]
u–b = 0.340±0.020[4]
v–r = 0.424±0.011[11]
Alphonsina	tholen = s[2]smass = s[2][9] · s[19]b–v = 0.850[2]u–b = 0.454[2]
Imhilde	c (sdss-moc)[9]
Ratisbona	tholen = cb:[3]
b–v = 0.722±0.034[3]
u–b = 0.401±0.036[3]
v–r = 0.407±0.016[10]
Hildrun	x (s3os2)[10]
Algunde	smass = s[3]
s (s3os2-th)[11]
sl (s3os2-bb)[11]
s (bus–demeo)[4]
Westphalia	smass = ch[4]
Whittemora	tholen = m[3]
m0 (barucci)[5]
b–v = 0.700±0.030[3]
u–b = 0.218±0.029[3]
Hooveria	tholen = cb[3]
caa (s3os2-th)[10]
ch (s3os2-bb)[10]
b–v = 0.673±0.018[3]
u–b = 0.328±0.040[3]
Thuringia	smass = ch[4]
Kunigunde	b (s3os2)[11]
Chlosinde	c (sdss-moc)[12]
Kordula	tholen = fc:[3]
b–v = 0.580±0.026[3]
u–b = 0.363±0.037[3]
Murray	tholen = cx[3]
smass = x[3]
b–v = 0.703±0.063[3]
u–b = 0.310±0.084[3]
Romilda	c (assumed)[8]
Begonia	tholen = st[3]
x (s3os2–th)[11]
ch (s3os2–bb)[11]
c (sdss-moc)[12]
b–v = 0.783±0.033[3]
Hidalgo	tholen = d[4][10]
Poesia	tholen = fu[4]
barucci = c0 b–v = 0.667±0.018[4]
u–b = 0.336±0.024[4]
Jucunda	c (assumed)[8]
Hel	x (s3os2-th)[13]
xk (s3os2-bb)[13]
Ahrensa	smass = sas[3]
Gaspra	tholen = s[1]smass = s[1]b–v = 0.870[1]u–b = 0.554[1]
Caia	p[9] · c[4]
Li	fcx[5]: 468
Elisa	v (s3os2)[11]
Camelia	c (s3os2-th)[11]
cb (s3os2-bb)[11]
Asplinda	c (assumed)[10]
b–v = 0.834±0.082[3]
Arne	x (sdss-moc)[11]
Birgit	s (assumed)[8]
Gunnie	smass = x[3]
c (sdss-moc)[10]
Subamara	s (sdss-moc)[6][11]
Angelica	smass = xc[3]
v–r = 0.386±0.005[9]
Petunia	tholen = s[4]
s (sdss-moc)[11]
s (s3os2-th)[12]
sl (s3os2-bb)[12]
b–v = 0.869±0.020[4]
u–b = 0.372±0.082[4]
Leocadia	tholen = fxu:[4]
b–v = 0.621±0.010[4]
u–b = 0.227±0.030[4]
Primula	smass = s[4][6]
Alsatia	smass = c[1][5]b–v = 0.669[1]u–b = 0.298[1]
Aralia	smass = xk[4]
x (s3os2)[10]
Lioba	tholen = s[3]
b–v = 0.912±0.021[3]
u–b = 0.468±0.031[3]
Benjamina	tholen = xd:[3]
b–v = 0.740±0.020[3]
u–b = 0.250±0.030[3]
Philippa	tholen = c[3]
x (s3os2)[10]
b–v = 0.712±0.010[3]
u–b = 0.370±0.020[3]
Aidamina	b–v = 0.677[1]u–b = 0.252[1]tholen = pf[1] · pf[3]
Ilsewa	t (s3os2)[11]
Martina	tholen = cfu:[3]
c (sdss-moc)[12]
b (s3os2)[13]
b–v = 0.620±0.020[3]
u–b = 0.330±0.020[3]
Franklina	a (s3os2-th)[10]
ld (s3os2-bb)[10]
Gunila	tholen = xd[3]
x (s3os2-th)[10]
xk (s3os2-bb)[10]
b–v = 0.744±0.062[3]
u–b = 0.267±0.072[3]
Gretia	smass = sr[1] · s[4]b–v = 0.950±0.030[8]
Rosina	smass = s[1][4] · s[7][8]
Amelia	d (s3os2)[11]
l (sdss-moc)[12]
Wallia	d (s3os2-th)[12]
t (s3os2-bb)[12]
Appella	s[3]
Schwassmannia	s (s3os2-th)[10]
t (s3os2-bb)[10]
McDonalda	c
Moultona	s (assumed)[8]
Otthild	smass = s[4]
b–v = 0.860±0.020[4]
u–b = 0.420±0.030[4]
Priska	smass = ch[1]
Bodea	c (assumed)[12]
Piazzia	c/cb (s3os2)[13]
Gaussia	tholen = pc[1][4]b–v = 0.689[1]u–b = 0.265[1]
Olbersia	c[10]
Lilofee	c[3]
Belopolskya	b–v = 0.720[1]u–b = 0.120[1]tholen = pc[1] · pc[3]
Arago	p[10] · c[3]
Lagrangea	d[11] · c[4]
Pawlowia	smass = k[1][9]
La Paz	c[3]
Marlene	c[3]
Laodamia	tholen = s[1] · s[4][9]smass = sr[1]b–v = 0.900[1]u–b = 0.515[1]v–r = 0.324±0.171[10]
Sarema	tholen = f[3][5]b–v = 0.693[5]u–b = 0.189[5]
Tombecka	tholen = xsc[1][4]m[6] · xk[10]b–v = 0.755[1]u–b = 0.370[1]
Semphyra	smass = xe[1] · p[7] · x[3]
Christa	tholen = c[3][4]smass = xc[3][12] · p[8]b–v = 0.693[3]u–b = 0.320[3]
Anitra	smass = s[1] · s[3]
Jacqueline	smass = c[3]
Arnolda	s[3]
Strackea	tholen = s[1][3]b–v = 0.953[1]u–b = 0.513[1]
Arcadia	smass = s[4] · s[12]s(sdss-mfb)[10]
Flammario	tholen = f[3] · f[20]smass = b[3][4]b–v = 0.656[3]u–b = 0.230[3]
Olympiada	smass = x[3][4]
Thomana	tholen = g[1] · g[3]b–v = 0.764[1]u–b = 0.493[1]
Hale	smass = ch[3] · c[14]c (sdss-mfb)[4]
Riema	e (tholen), xe (smass)m[13] · xe[3]b–v = 0.714[1]u–b = 0.294[1]v–r = 0.440±0.010[11]
Ingrid	s [3]
Aesculapia	s[4]
Lydina	tholen = c[3][4]b–v = 0.684[3]u–b = 0.276[3]
La Plata	tholen = s[3][4] · s[13]b–v = 0.787[3]u–b = 0.390[3]
Vitja	p[11] · c[14]c (assumed)[4]
Arctica	b–v = 0.680[1]u–b = 0.325[1]tholen = cx:[1] · cx:[3]
Pafuri	smass = x[3] · p[11]c (assumed)[4]
Simona	s[3]
Mozartia	smass = s[1]
Amata	c[4]
Ganymed	tholen = s[4]smass = s[4][10]s[4][12][13]u–b = 0.417[3]b–v = 0.882±0.008[12]v–r = 0.515±0.004[12]v–i = 0.981±0.005[12]
Tuckia	tholen = dtu:[1] · dtu:[4]b–v = 0.768[1]u–b = 0.232[1]
Sonneberga	smass = x[1] · p[6] · c[3]
Klumpkea	c (assumed)[11]s (possible)
Asta	smass = c[1][3] · c[13]
Amazone	p[5] · x[10] · c[3]
Beate	tholen = s[1] · s[4]b–v = 0.900[1]u–b = 0.455[1]
Teutonia	s[4]
Michela	smass = s[3]
Edwin	smass = xe[3] · m[8]
Geisha	tholen = s[1] · s[3]b–v = 0.913[1]u–b = 0.541[1]
Feodosia	b–v = 0.709[1]u–b = 0.309[1]xc (tholen)[1] · ch (smass)[1] · c[3]
Gotho	c[3]
Meta	s (assumed)[4]
Merope	p[8] · c[15]
Belgica	b–v = 0.900[1]u–b = 0.540[1]s (tholen)[1] · s (smass)[1]s[4]
Forsytia	c (assumed)[4]
Tynka	tholen = s[1]smass = s[1][3]
Azalea	smass = s[1] · s[4]
Wanda	c[3][14]
Grubba	tholen = s[3]smass = s[3][4]b–v = 0.880[3]u–b = 0.500[3]
Mussorgskia	x[12] · c (sdss-mfb)[4][a]
Magnolia	s[4][17]
Paeonia	tholen = c[4][5]b–v = 0.676[4]u–b = 0.337[4]
Ljuba	c (tholen)[4]b–v = 0.720[3]
Aquilegia	x[4][12]b–v = 0.850[1]u–b = 0.360[1]
Aethusa	s[5]
Amundsenia	smass = s[1][4]
Lunaria	l/s[12] · s[4]
Nofretete	s[3][9]b–v = 0.850[1]u–b = 0.420[1]
Planckia	smass = s[1][3]
Tunica	c (assumed)[4]
Brita	smass = xk[1] · x[6]
Malva	c (assumed)[4]
Gellivara	c (assumed)[3]
Beljawskya	s (assumed)[3]
Helina	tholen = su[1][3]b–v = 0.765[1]u–b = 0.370[1]
Viola	tholen = f[1]smass = c[1][4]b–v = 0.629[1]u–b = 0.250[1]
Campanula	s[4]
v–r = 0.400±0.070[6]
Mentha	tholen = s[1][5]b–v = 0.889[1]u–b = 0.490[1]
Mimosa	tholen = s[1][4] · s[10]b–v = 0.800[1]u–b = 0.393[1]
Orchis	tholen = f[1][4]b–v = 0.624[1]u–b = 0.206[1]
Reseda	c (assumed)[12]
Pirola	tholen = c[4][5]
b–v = 0.705[4]
u–b = 0.315[4]
Salvia	s (assumed)[9]
Tamariwa	c[3]b–v = 0.770[1]u–b = 0.270[1]
Amaryllis	x[14] · c (assumed)[4]
Nata	smass = ch[1] · c[3]
Arabis	tholen = s[1][4]b–v = 0.823[1]u–b = 0.370[1]
Mitaka	tholen = s[3]
smass = s[3]
b–v = 0.947[3]
u–b = 0.594[3]
Tama	s (assumed)[3]
Spiraea	c (assumed)[4]
Lilium	c (assumed)[4]b–v = 0.840[1]u–b = 0.330[1]
Freda	tholen = c[1][3]b–v = 0.679[1]u–b = 0.356[1]
Siberia	smass = xk[1]
Tulipa	s (assumed)[4]b–v = 0.720[3]u–b = 0.370[3]
Reunerta	c [3]
Vicia	s/c[4]
Hakone	smass = xe[3] · m[10] · x[6]
Figneria	ls[10] · k[11] · c[3]
Arnica	s (assumed)[4]
Clematis	c (assumed)[4]
Pepita	tholen = c[1]smass = s[1][3]b–v = 0.724[1]u–b = 0.424[1]
Sequoia	tholen = e[1] · e[8]smass = xk[1][4] · b–v = 0.731[1]u–b = 0.242[1]
Syringa	smass = xk[1] · x[4][12] · p[6]
Fragaria	tholen = st[4][5] · u/l[13]b–v = 0.776±029[4]u–b = 0.419±0.049[4]
Cydonia	smass = s[1][4]
Lictoria	smass = x c[1] · p[9]
Demeter	tholen = cx[1][4]b–v = 0.681[1]u–b = 0.308[1]
Tata	tholen = fc[3][4] · p[10]b–v = 0.604[3]
Jaroslawa	smass = s[3][4] · l[14]
Reinmuthia	tholen = fxu:[1][7]b–v = 0.639±0.016[1]u–b = 0.230±0.030[1]
Polonia	s (tholen)[4]l (sdss-moc)[12]b–v = 0.797[4]u–b = 0.447[4]
Katja	c (assumed)[3]
Lorraine	smass = x c[1] · x[4]
Sabauda	c[3]
Catriona	c[8]
Reginita	s (tholen)[9]
Hanskya	c[8]
Euboea	s (assumed)[9]
Cannonia	s[3]
Natascha	s (assumed)[4]
Neith	a[11] · s (assumed)[3]
Shapleya	s[3]
Stroobantia	b–v = 0.702[1]u–b = 0.223[1]tholen = x[1]m[11] · x[3][12]
China	c (assumed)[10]
Otero	smass = a[1] · a[3]
Mimi	tholen = cx[3][9]
p[10]
b–v = 0.700[3]
u–b = 0.300[3]
Astrid	smass = c[1] · c[5]
Neujmina	tholen = s[1][3]
b–v = 0.780[1]
u–b = 0.410[1]
Skuld	s[3]
Porzia	smass = s[1] · s[4][9]
Hollandia	s[3]
Lugduna	tholen = s[1][3][10]b–v = 0.880[1]u–b = 0.510[1]
Kepler	smass = s[1]
Colchis	smass =xk[1] · p[11]
Mercedes	s (assumed)[4]
Raissa	s (assumed)[9]
b–v = 0.950[1]
u–b = 0.350[1]
Atami	s (tholen)[1] · s (smass)[1][4]s[11]b–v = 0.920[1]u–b = 0.497[1]
Crimea	s (tholen)[1] · s (smass)[1]s[10] · b–v = 0.916[1]
Aetolia	s[4][11]
Odysseus	d (tholen)[4][5]d (bus–demeo)[21]u–b = 0.241±030[4]b–v = 0.794±038[4]b–v = 0.740±0.030[17]v–r = 0.480±0.020[17]v–i = 0.860±0.015[5]
Oda	tholen = d[1][3] · x[9]b–v = 0.706[1]u–b = 0.249[1]
Robelmonte	s[3]
Biarmia	tholen = x[1][4] · m[9][14][15]b–v = 0.690[1]u–b = 0.247[1]
Stavropolis	smass = s[3]
sw(bus–demeo)[5]
Rarahu	tholen = s[1]smass = k[1][3]b–v = 0.868[1]u–b = 0.444[1]
Volga	p[9] · c[3][12]b–v = 0.690[1]u–b = 0.250[1]
Achaia	s (s3os2-th)[13]
sl (s3os2-bb)[13]
Ithaka	c[3]
Pawona	smass = s l[1] · s[3]
Wallenbergia	s[3][9]
Astronomia	tholen = fxu:[1][3]b–v = 0.658[1]u–b = 0.229[1]
Aenna	smass = xe[1] · x[3]
Kira	s[3]
Arabia	c (assumed)[3]
Luda	s[4][13]
Granada	s (assumed)[3]b–v = 0.680[1]u–b = 0.360[1]
Illyria	s (assumed)[4]
Larissa	tholen = p[1][4] · m[6]b–v = 0.761[1]u–b = 0.226[1]
Saga	s(assumed)[3]
Kobolda	s[3]
Imprinetta	c[3][14]
Sakuntala	s [3][13]
Dubiago	tholen = d[1] · d[3]b–v = 0.743[1]u–b = 0.196[1]
Brandia	s[3]b–v = 0.860[1]u–b = 0.470[1]
Siva	b–v = 0.864[1]u–b = 0.452[1]tholen = s[1] · s[3][11]
Rusthawelia	tholen = p[3][5] · p[8]b–v = 0.678[5]u–b = 0.255[5]
Aneas	d (tholen)[16]d0 (barucci)[16]dp (tedesco)[16]u–b = 0.254±0.033[16]b–v = 0.840±0.050[17]v–r = 0.460±0.050[17]v–i = 0.990±0.017[5]
Anchises	p (tholen)[4][5][15]d (barucci)[15]u–b = 0.266±080[4]b–v = 0.770±0.050[16]v–r = 0.450±0.030[16]v–i = 0.950±0.026[5]
Marmara	s[3]
Margo	s[14] · c (assumed)[3]
Lucidor	smass = c[1] · c[3]
Gonnessia	tholen = xfu[1][3] · x[13]b–v = 0.668[1]u–b = 0.244[1]
Irmela	s[3]
Mally	s/c[3]
Rita	tholen = p[1] · p[4][11]b–v = 0.682[1] · 0.670±0.010[b]u–b = 0.216[1]v–r = 0.440±0.010[b]
Lilith	smass = x[7][5]
Ilona	s[3]
Gaea	s/c (assumed)[4][a]
Nikko	s (tholen)[1] · s (smass)[1]s[3]b–v = 0.923[1]u–b = 0.514[1]
Turnera	s (tholen)[1] · s[3]sq (smass)[1]b–v = 0.790[3]u–b = 0.430[3]
Afra	smass = x[3]
Gothlandia	smass = s[1][3][17]
Terentia	smass = ch[1] · c[3]
Pelagia	x[8] · c[3]
Alfaterna	c[4]
Prisma	s[3]
Africa	s(derived)
Aletta	c[3]
Orangia	s[3]
Sheba	smass = x[1] · x[4]
Rhodesia	b–v = 0.740±030[2][3]c (assumed)[10]
Atlantis	smass = l[1] · s[4]
Geldonia	tholen = cgtp:[1][3]b–v = 0.760[1]u–b = 0.330[1]
Imperatrix	c (assumed)[4]
Marina	tholen = p[4]
Nanna	c[3]
Renzia	smass = s[1][4]
Numerowia	c[3]
Ostenia	s (assumed)[3]
Troilus	fcu (tholen)[5][6]c0 (barucci)u–b = 0.314±093[5]b–v = 0.750±0.050[15]v–r = 0.380±0.030[15]v–i = 0.740±0.020[6]
Pumma	c (assumed)[3]
Francette	tholen = p[1] · p[10]smass = x[1][3]b–v = 0.693[1]u–b = 0.215[1]
Algeria	c[3]
Richilde	smass = xk[1] · p[9]
Boyer	tholen = s[1] · s[3]b–v = 0.900[1]u–b = 0.459[1]
Askania	tholen = s[1] · s[3]b–v = 0.903[1]
Maximiliana	c (assumed)[3]
Britta	s (s3os2)[17]b–v = 0.913[3]u–b = 0.514[3]
Crocus	s[4]
Amor	s (assumed)[8]
Tina	smass = x[1] · m[8] · x[3]
Neckar	tholen = s[3][4] · s[19]b–v = 0.840[3]u–b = 0.405[3]
Ariane	s[3]
Golia	m[5] · s[3]
Geranium	c (sdss–mfb)[4]
Riceia	s[3][7]
Auricula	c (sdss-moc)[14]
Cortusa	x (sdss-moc)[16]
Kobresia	c[15] · s (assumed)[4]
Elyna	smass = k[1][4]
Schorria	tholen = cx:[3][4]
b–v = 0.750[3]
u–b = 0.330[3]
Thais	tholen = t[1][13]b–v = 0.785[1]u–b = 0.383[1]
Genevieve	s/c[8]b–v = 0.610[1]u–b = 0.250[1]
Predappia	s (assumed)[3]
Centenaria	c (assumed)[14]
Dysona	tholen = pdc[1][3]b–v = 0.750[1]u–b = 0.290[1]
Zambesia	c (s3os2)[13]
Pamela	c[15] · c (assumed)[3]
Deira	x (s3os2)[16]
p (wise)[10]
Calvinia	tholen = s[3][6]b–v = 0.847[4]u–b = 0.474[4]
Chaka	a (s3os2-th)[12]sl (s3os2-bb)[12]
Memoria	tholen = cxf[1]b–v = 0.680[1]u–b = 0.290[1]
Jugurtha	smass = s[6][14]
Rutherfordia	tholen = s[1][3]b–v = 0.883[1]u–b = 0.484[1]
Galanthus	c (assumed)[13]
Hedera	tholen = e[1]smass = x[1]e[7][14] · c(sdss-mfb)[4]b–v = 0.689[1]u–b = 0.233[1]
Celestia	tholen = s[4]smass = s[4]b–v = 0.890[4]u–b = 0.425[4]
Frisia	c (assumed)[4]
Schilowa	s (assumed)[3]
Normannia	tholen = d[1][5] · d[8][14]b–v = 0.737[1]u–b = 0.239[1]
Mora	c[9] · s[3]b–v = 0.630[1]u–b = 0.320[1]
Sicilia	c (assumed)[4]
Ogyalla	s[3]
Legia	p[9] · s (assumed)[3]
Sniadeckia	smass = c[1][3]b–v = 0.740[1]u–b = 0.380[1]
Varsavia	x (tholen),[1] xc (smass)[1]x[3] · b–v = 0.727[1]u–b = 0.321[1]
Letaba	smass = c[1][3]
Tone	tholen = p[1][3]b–v = 0.732[1]u–b = 0.317[1]
Geertruida	c (assumed)[3]
Libya	tholen = p[1][4]b–v = 0.663[1]u–b = 0.228[1]
Rollandia	tholen = d[1][4]b–v = 0.775[1]u–b = 0.271[1]
Datura	s[9]
Isergina	smass = c[1][3] · x/l[14]
Gefion	smass = sl[1]c (assumed)[8]
Delportia	tholen = s[1] · s[3]b–v = 0.895[1]u–b = 0.525[1]
Cimbria	tholen = x[1] · x[15] · m[4]b–v = 0.698[1]u–b = 0.304[1]
Ucclia	c[3]
Dolores	tholen = c[1]smass = cb[1]c[3][10]b–v = 0.730[1]u–b = 0.378[1]
Baillauda	tholen = x[1]p (derived from tholen)[3]b–v = 0.671[1]u–b = 0.360[1]
Jeanne	x[14] · p[10]
Utopia	p[9] · c (assumed)[3]
Komsomolia	m[7]
Latvia	b–v = 0.768[1]u–b = 0.353[1]t (tholen),[1] l (smass)[1] · l[3]
Banachiewicza	tholen = s[1][3]b–v = 0.850[1]u–b = 0.430[1]
Lorcia	b–v = 0.850[1]u–b = 0.360[1]
Kutaissi	tholen = s[1]
b–v = 0.800[1]
u–b = 0.380[1]
Phryne	s[3]b–v = 0.835[1]u–b = 0.395[1]
Sonja	smass = sq[1] · s[4]
Antwerpia	smass = c[1]
c (s3os2)[13]
Deflotte	c[3]
Andree	s[3]
Quadea	c[13] · s[3]
Nocturna	x[11] · c[4]
Mertona	unknown
Marcelle	smass = cg[1] · c[3]
Yvonne	smass = c[1][3] · c[16]
Werra	c (assumed)[3]
Luthera	c[3]
Arosa	smass = x[1][3] · m[9]
Pongola	c (suspected)[3][9]b–v = 0.700[1]
Scythia	tholen = s[1][4]b–v = 0.853[1]u–b = 0.398[1]
Cimmeria	tholen = s · s[4]b–v = 0.876[1]u–b = 0.550[1]
Halleria	c (assumed)[3]
Hyperborea	c[4][16]
Villigera	tholen = s[1] · s[4]b–v = 0.905[1]u–b = 0.445[1]
Vassar	c[3]
Berna	s (assumed)[13]
Kasan	smass = sr[1] · s[4]
Nerina	m[11] · s (assumed)[12]x (s3os2-th)[13]xe (s3os2-bb)[13]
Disa	p[8] · c[4]
Coppernicus	s (tholen)[3]b–v = 0.887[1]u–b = 0.321[1]
Tugela	smass = xc[1]p[10] · c (assumed)[3]
Inanda	s[12][13]
Devota	tholen = x[1][3]p[6] · d[10][11]b–v = 0.695[1]u–b = 0.210[1]
Eliane	s (tholen)[1]s (smass)[1] · s[3][11]b–v = 0.873[1]u–b = 0.443[1]
Spiridonia	tholen = p[1][3]b–v = 0.670[1]u–b = 0.170[1]
Marconia	smass = ld[3][13]l (bus–demeo)[13]
Cevenola	sq[13] · s[3]
Lundmarka	x[8] · c[3]
Demoulina	s (assumed)[3]
Zeelandia	b–v = 0.810[1]u–b = 0.366[1]tholen = s[1]smass = s[1][3]
Gerarda	p[11] · x[14]c (assumed)[3]
Duponta	s (assumed)[3]
Desagneauxa	tholen = s[1] · s[3]b–v = 0.790[1]u–b = 0.425[1]
Yvette	c[3][13]
Edmee	tholen = xb[1] · xb[3]b–v = 0.700[1]u–b = 0.262[1]
Potomac	tholen = x[3] · c[4][10]b–v = 0.719[3]u–b = 0.286[3]
Gotha	s (est.)[3][10]b–v = 0.840[6]
Patria	c (assumed)[4]
Bechuana	cx[12] · c (assumed)[3]
Rosselia	tholen = s[1]smass = sa[1]b–v = 0.854[1]u–b = 0.373[1]
Maartje	ls[15] · s (assumed)[3]
Botha	c (assumed)[3]
Magoeba	tholen = x[1] · m[13] · e[6] · x[4]b–v = 0.713[1]u–b = 0.255[1]
Nyanza	p[5] · c (assumed)[3]
Prieska	tholen = cx:[1] · cx:[3]b–v = 0.710[1]u–b = 0.355[1]
Leuschneria	c[3]
Griqua	tholen = cp[3][4]b (s3os2)[7][19]u–b = 0.360[3]b–v = 0.720[3]
Safara	l[11] · s (assumed)[3]
Henyey	s[3]
Piccolo	x[12] · s[3]b–v = 0.710[1]u–b = 0.180[1]
Numidia	s (assumed)[4]b–v = 0.860[1]u–b = 0.360[1]
Ostanina	caa/ch (s3os2)[11]c (sdss-moc)[12]
Hella	s (assumed)[3]
Haremari	smass = l[1][7]
Cincinnati	smass = x k[11]m[8]
Isora	smass = sq[1] · s[4][7][8]
Michelle	s[3]
Leonce	c (assumed)[3]
Lomonosowa	s[4][13]b–v = 0.830[1]u–b = 0.440[1]
Volodia	d (sdss-moc)[10]
Gerti	s (assumed)[3]
Limburgia	c[3]
Kniertje	s (assumed, eunomia)[3]c (assumed; adeona)[16]: 23
Aphrodite	k (family-based)[16]b–v = 0.860[5]u–b = 0.490[5]
Onnie	b–v = 0.810[1]ls[8] · s[3][6]
Abastumani	tholen = p[1]
b–v = 0.685
u–b = 0.189
Carelia	tholen = s[4]
s (sdss-moc)[9]
b–v = 0.897±0.026[4]
u–b = 0.433±0.024[4]
Pierre	tholen = dx[3][5] · c[12]b–v = 0.757[3]u–b = 0.258[3]
Sofala	s (assumed)[3]
Algoa	s[3]
Umtata	s/c[3]b–v = 0.690[1]u–b = 0.210[1]
Tirela	c (assumed)[3]
Ajax	c (assumed)[5]v–i = 0.960±0.032[5]
Sibelius	s[3][10]
Lindelof	smass = x[3] · s[3]
Isko	c[11] · c/s (assumed)[3]
Brauna	s (assumed)[3]
Lagrula	s[3][9]
Jerome	smass = ch[1]
Renauxa	tholen = s[1] · k[14]b–v = 0.790[1]u–b = 0.410[1]
Danzig	s (family-based)[14]
Esperanto	c (assumed)[12]
Stromgrenia	b–v = 0.868[1]u–b = 0.519[1]tholen = s[1] · s[3][9]
Jose	smass = s[3][5]s (sdss-moc)[13]
Sundmania	smass = x[1] · p[6] · c[4]
Tuorla	s[3][11]
Riviera	s (assumed)[5]
Mombasa	smass = xc[1] · p[10] · c[7]
Pemba	s (assumed)[3]
Somalia	s (assumed)[9]
Luanda	ls [8] · s (assumed)[3]
Geramtina	smass = s[1][3] · s[10]
Margot	tholen = s[1][3] · s[11]b–v = 0.809[1]u–b = 0.404[1]
Salonta	p[9] · c (assumed)[3]
Diomedes	tholen = dp[4][5][8]u–b = 0.250±040[8]b–v = 0.700±014[8]v–i = 0.810±0.025[5]
Vogtia	b–v = 0.750[1]u–b = 0.320[1]tholen = xfu[1] · c/p[5] · xfu[3]
Bolyai	(s)/c (assumed)[3]
Ruppina	c[3]
Pannonia	c[4]
Sillanpaa	s[3]
Utra	s[3]
Virtanen	tholen = s[1] · s[3]
Raimonda	s (assumed)[3]
Grano	s[3][8]
Hunnia	c (assumed)[4]
Fennia	tholen = s[1][3] · k[20]b–v = 0.928[1]b–v = 0.890±0.030[11]u–b = 0.532[1]v–r = 0.500±0.020[11]v–i = 0.980±0.020[11]
Mitchella	s (assumed)[3]
Ankara	s[3]
Magnya	v (tholen)[3]
Haltia	s (assumed)[7]
Jean-Jacques	tholen = m[1] · x[10] · m[3]b–v = 0.715[1]u–b = 0.210[1]
Zamenhof	c (assumed)[3]
Mundleria	c[3][8]
Mashona	tholen = gc[1] · gc[7]b–v = 0.743[1]u–b = 0.373[1]
Zomba	q[10] · s (assumed)[4]
Linzia	p[7] · c (assumed)[3]
Carla	c[3]
Ounas	s[3]
Beira	tholen = fx[1]smass = b[1][4]b–v = 0.620[1]u–b = 0.245[1]
Bonsdorffia	tholen = xu[1][3]b–v = 0.733[1]
Vihuri	s[3]b–v = 0.840[1]u–b = 0.570[1]
Inkeri	tholen = xfu[1][3]b–v = 0.699[1]
Tubingia	c[3]b–v = 0.920[1]u–b = 0.370[1]
Postrema	smass = b[1][11]
Marilyn	s (assumed)[3]
Limpopo	smass = xc[1] · m[5] · x[3]
Sigrid	tholen = f[1][3]smass = xc[1] · p[5]b–v = 0.643[1]u–b = 0.225[1]
Savo	smass = sa[1] · s[3]
Turku	s (assumed)[3]
Pori	s (assumed)[3]
Jyvaskyla	tholen = s[1] · s[3]b–v = 0.920[1]u–b = 0.520[1]
Kuopio	s[3]
Lappeenranta	tholen = s[1][3] · s[13]b–v = 0.880[1]u–b = 0.418[1]
Koranna	s (assumed)[4]
Xosa	s[3]
Kemi	tholen = bcf[1]smass = c[1][4]b–v = 0.645[1]u–b = 0.249[1]
Esclangona	tholen = s[1] · k[19] · s[4]b–v = 0.894[1]u–b = 0.472[1]
Charlois	smass = c[1] · c[3][11]
Dalera	s[3]
Oulu	tholen = p[1] · x[11] · p[3]b–v = 0.715[1]u–b = 0.190[1]
Matra	s[3]
Ricouxa	s[3]
Henry	s[3]
Beograd	smass = x[1] · p[10] · x[3]
Rovaniemi	s[3]
Imatra	smass = c[1] · c[3]
Seinajoki	c[3]
Kokkola	ls[8] · s[3]b–v = 0.880[1]u–b = 0.510[1]
Pieksamaki	s[3]
Joensuu	c[3]
Savonlinna	s[3]
Malmquista	s[3]
Oterma	tholen = p[1] · p[3]b–v = 0.764[1]u–b = 0.386[1]
Rantaseppa	s[3]
Inari	tholen = s[1][3]b–v = 0.840[1]u–b = 0.360[1]
Saimaa	tholen = s[1][3]b–v = 0.790[1]u–b = 0.450[1]
Nasi	smass = cgh[1] · c[6][14]
Paijanne	cx[9] · s[3]
Pielinen	s[3][9]
Transylvania	c[3][9]
Kevola	c  (assumed)[3]
Estonia	smass = xc[1] · x[4]
Schalen	smass = d[1][3]
Bourgeois	s/c (assumed)[3]
Vinterhansenia	x[11] · c[3]
Thernoe	smass = k[1] · c[11]
Izsak	x[11] · m[8] · c[3]
Tito	smass = s[1] · s[7]
Argelander	s (assumed)[12]
Bessel	s[3]
Bauersfelda	smass = s[1] · s[3][8]
Yugoslavia	s[3]
Dejan	s/c[3][a]
Wingolfia	tholen = xc[1]x[7] · m[3][6]b–v = 0.708[1]u–b = 0.202[1]
Jarnefelt	c[6]
Kustaanheimo	s[3]
Noel	smass = sa[1] · s[3]
Srbija	tholen = x[1] · c[3][11]b–v = 0.698[1]u–b = 0.331[1]
Lemaitre	smass = sq[1] · s[4]
Icarus	s[18]s/q[19]b–v = 0.774[4]u–b = 0.520[4]
Alikoski	pu (tholen)[1]c (smass)[1] · c[10]b–v = 0.720[1]
Aisleen	s[3]
Brunonia	s (sdss-moc)[14]
Vaisala	s[3]
Meyer	c[4]
Winifred	s[3]
Fabiola	tholen = bu[1][3]b–v = 0.632[1]u–b = 0.405[1]
Kirkwood	tholen = d[1] · d[4][10]b–v = 0.788[1]u–b = 0.276[1]
Betulia	tholen = c[1][6] · b[19]b–v = 0.656[1]u–b = 0.249[1]
Abanderada	tholen = bcu[1][3]b–v = 0.659[1]u–b = 0.351[1]
Martir	c[3][14]
Antilochus	d (tholen)[5][12]d0 (barucci)[12]d (tedesco)[12]u–b = 0.253±038[12]b–v = 0.752±020[12]v–i = 0.950±0.043[5]br = 1.220±0.109[5]
Union	p[9] · c[3]b–v = 0.590[1]u–b = 0.290[1]
Fanatica	s[3]
Tsiolkovskaja	s[3]
Laugier	c[3]
Vyssotsky	smass = a[1] · a[3]
Indiana	b–v = 0.930[1]u–b = 0.550[1]tholen = s[1] · s[3]
Tombaugh	b–v = 0.751[1]u–b = 0.373[1]xscu (tholen)[1] · xc (smass)[1] · x[3]
Milankovitch	m[5] · ls[11] · s[3]
Mavis	s[3][10]
Munoz	s (assumed)[5]
Brenda	s[3]b–v = 0.860[1]u–b = 0.390[1]
Beyer	c (assumed)[3]
Bardwell	tholen = b[1] · b[3]b–v = 0.692[1]u–b = 0.329[1]
Alschmitt	c[3]
Ueta	tholen = s[1] · s[3][13]b–v = 0.900[1]u–b = 0.546[1]
Geographos	tholen = s[1]smass = s[1][8] · s[20]b–v = 0.862[1]b–v = 0.896±0.009[20]u–b = 0.471[1]v–r = 0.462±0.005[20]v–i = 0.816±0.006[20]
Druzhba	tholen = s[1] · s[3][11]b–v = 0.898[1]u–b = 0.503[1]
Chacornac	s[3][9]
Vivian	c[3]
The NORC	tholen = c[1] · c[3]b–v = 0.732[1]u–b = 0.311[1]
Sadeya	s[3]
Ivar	s (tholen)[1] · s (smass)[1]srw[23] · s[22][24][25]b–v = 0.872[1]u–b = 0.459[1]
Strobel	p[5] · x[12] · c[3]b–v = 0.840[1]u–b = 0.320[1]
Kopff	s[3]
Siebohme	s[3]
Chimay	s[3]
Bohrmann	smass = s[1] · s[3]
Rafita	tholen = s[1][3]b–v = 0.867[1]u–b = 0.404[1]
Rosseland	s[3]
Menelaus	c (assumed)[9]v–r = 0.428±0.043[10]v–i = 0.866±0.043[10]
Shajna	tholen = s[1] · s[3]b–v = 0.792[1]u–b = 0.497[1]
Heckmann	b–v = 0.638[1]u–b = 0.200[1]tholen = f[1] · f[3]
Behrens	s[3]
Herge	s[3][7]
Comas Sola	xfu (tholen)[1]b (smass)[1] · b[3]b–v = 0.642[1]u–b = 0.262[1]
Suomi	tholen = s[1] · s[16][5]
Roemera	tholen = s[1] · s[3]
Innes	b–v = 0.960[1]u–b = 0.610[1]tholen = as[1] · as[6]
Punkaharju	smass = s[1] · s[3]
Wood	smass = s[1] · s[3]
Granule	s[4][6]
van den Bos	s[3][11]
Gaby	tholen = s[1] · s[3][10]b–v = 0.848[1]u–b = 0.481[1]
Dagmar	tholen = g:[1] · g:[3]b–v = 0.730[1]u–b = 0.460[1]
Chaika	s (assumed)[11]
Gezelle	c[3][10]
Simonida	s[3]
Tycho Brahe	s[5][10][a]
Per Brahe	smass = s[2][4]
Steinmetz	tholen = s[1] · s[3]b–v = 0.878[1]u–b = 0.447[1]
Karel	s[3]
Castafiore	c[3]
Iguassu	c[3][9]
Toro	s (tholen)[1]
s (smass)[1]
s[17][18]
b–v = 0.880[1]
u–b = 0.470[1]
Glarona	s[3]b–v = 0.670[1]u–b = 0.380[1]
Wilkens	s (assumed)[3]
Floris-Jan	s[3]b–v = 0.685[1]u–b = 0.265[1]
Mayrhofer	c[3]
Oort	tholen = cu[1] · cu[3]b–v = 0.682[1]u–b = 0.316[1]
Subbotina	smass = cg[4]
Hertzsprung	tholen = cbu[3]p[9] · c[12]b–v = 0.762[3]u–b = 0.358[3]
Kaiser	b–v = 0.735[1]u–b = 0.415[1]tholen = gc[1] · c[3]
Walbeck	smass = cg[1] · c[3]
Nurmela	c (assumed)[4]
Zvezdara	tholen = x[1] · x[3]b–v = 0.720[1]u–b = 0.322[1]
Barry	s[3]
Wachmann	s[3]
Chantal	tholen = s[2][10]b–v = 0.870[2]u–b = 0.530[2]
Polit	c[3]
Ukraina	s[3][6][9]b–v = 0.990[1]
Gothard	s[3]
Sandrine	tholen = s[1]b–v = 0.855[1]u–b = 0.447[1]
Angola	p[5] · c[3]
Sy	l[5] · s[3]
Arlon	tholen = s[1] · s[3]
Jens	c[12] · s[3]
Niels	ls[8] · s[3]
Goffin	s(est.)[7] · s[3]b–v = 0.890[1]
Vladimir	fbcu:: (tholen)[1]b (smass)[1] · x[15] · b[3]b–v = 0.693[1]u–b = 0.259[1]
Hoffmeister	smass = cb[1] · c[5][13]
Mette	tholen = s[1][4] · s[17][18]
Goethe Link	s[3][7]
Beryl	smass = s[3][9]
Smuts	c[3]
Heike	ls[11] · s[3]
Zhongolovich	smass = ch[1] · c[3][12]
ITA	c[3]
Floirac	s[3][10]
Severny	s[3]
Meyermann	s[3]
Paavo Nurmi	tholen = f[1]b–v = 0.613[1]u–b = 0.194[1]
Giclas	s[3]v–r = 0.456±0.015[9]
Schmidt	c (smass-i)[4]b–v = 0.620[3]u–b = 0.260[3]
Brouwer	tholen = d[1] · d[3][5]b–v = 0.721[1]u–b = 0.227[1]
Wright	tholen = unusual, noisy spectrum with resemblances to a-type spectrum[1]smass = sl[1]bus–demeo = sw[11]
Mauderli	tholen = d[1] · d[4][5][8]b–v = 0.710[1]u–b = 0.264[1]
Telamon	d (smass-i)[12]d (sdss-moc)[13]d pan-starrs[5][14]
Eckert	b–v = 0.885[1]u–b = 0.500[1]tholen = s[1] · s[5]
Herget	smass = s[1] · c[6]
Mieke	s[3]
Cunningham	tholen = p[1] · x[10] · p[4]b–v = 0.674[1]u–b = 0.256[1]
Lorbach	tholen = s[1]b–v = 0.915[1]u–b = 0.360[1]
Porvoo	s[3]
Kienle	s (s3os2)[10]
Sandra	c[3]
Edmondson	c[3]
Russell	s[3]
Williams	s[3]
Cogshall	s/c (generically assumed)[3]
Wrubel	tholen = dx[1][3]b–v = 0.750[1]u–b = 0.270[1]
Slipher	smass = c[1] · x[11] · c[8]
Lampland	tholen = xc[1]b–v = 0.750[1]u–b = 0.340[1]
Appenzella	f (tholen)[1]c (smass)[1]b–v = 0.615[1]u–b = 0.230[1]
Makover	c[3][8]
Gagarin	l[10] · s[3]b–v = 0.920[1]
Zimmerwald	s[3]
Gehrels	smass = sq[1] · s[3]
Alfven	c[3]
Kippes	s [3]
Van Biesbroeck	xs[3]
Albitskij	smass = ch[1] · c[3][12]
Kiess	c[3]
Dobrovolsky	s[3][11]
Volkov	s[3]
Patsayev	c[3]
Zoya	s[3]
Riga	xfcu (tholen)[1]cb (smass)[1]p[5] · c[14][15]b–v = 0.676[1]u–b = 0.289[1]
Watts	smass = s[1] · ls[8] · s[3]
Koussevitzky	smass = k[3][12] · l[13]
Aguilar	s[3]
Titicaca	s (assumed)[3]
Zwicky	s[11][5]
Chebotarev	s[3]
Dirikis	s[3]
Derice	s[3]
Slovakia	smass = s[1] · s[3]
Epimetheus	s[3]
Beethoven	tholen = f[2][13]c0 (barucci)[3]b–v = 0.617[2]u–b = 0.330[2]
Katanga	s[3]
Waterman	s[3]
Gliese	s[3][7]
Klare	s/c[3]
Miller	s (assumed)[3]
Atkinson	tholen = du[1]b–v = 0.807[1]
Pogson	tholen = s[4]smass = s[4][5]b–v = 0.910[4]u–b = 0.500[4]
Nicholson	smass = s[3][5]
Mrkos	c[5]
Palach	s (assumed)[3]
Gajdariya	s[3]
Komarov	smass = ch[1] · c[4][12]
Osita	aq[11] · s[3]
Hus	s (family-based)[11]
Masaryk	p[3] · cx[10] · c[6]
Hynek	tholen = s[1] · s[3][8]b–v = 0.871[1]u–b = 0.522[1]
Susilva	s[3]
Helewalda	c (assumed)[3]
Stobbe	smass = xc · [1]x[3]
Delvaux	smass = s[1] · s[3]
Kresak	c (assumed)[3]
Kohoutek	s[3]
McElroy	x[11] · c[3]
Skvortsov	s[3]
Korolev	s[3]
Ruzena	smass = s[1]
Parchomenko	smass = s[1] · s[3]
Lobachevskij	smass = l[1]
Kovalevskaya	c[3]
Apollo	q (tholen, smass)b–v = 0.819u–b = 0.481
Antinous	su (tholen)sq (smass)[1]l[12]su[5]
Daedalus	sq (tholen)[1] · sr (smass)[1]sq[11] · s[6]b–v = 0.830[1]u–b = 0.500[1]
Cerberus	s (tholen)[1] · s (smass)[1]s[7][18]b–v = 0.790[1]u–b = 0.442[1]
Sisyphus	smass = s[1]s[19]
Deiphobus	d (tholen)[8]d0 (barucci)[8]d (tedesco)[8]d (sdss-moc)[15]u–b = 0.232±0.060[8]b–v = 0.760±0.050[16]v–r = 0.460±0.050[16]v–i = 0.930±0.027[5]
Thersites	c (assumed)[5]v–i = 0.960±0.034[5]
Glaukos	d (pan-starrs)[9][10]d (sdss-moc)[11][12]
Agenor	c (assumed)[11]
Marsden	d[6] · c[4]
Broederstroom	s[3]
Shao	c (assumed)[7]
Virton	s[3]
Pakhmutova	c[3]
Hind	s[3]
Katyusha	s[3]
Shaposhnikov	tholen = x[1][3] · p[14]b–v = 0.729[1]u–b = 0.254[1]
Massevitch	smass = r[1][5]
Naef	sq[9] · v[3]
Rudneva	s (assumed)[7]
Alekhin	s[3]
Mikhailov	c[3]
Schubart	tholen = p[1][7] · c/p[5]b–v = 0.701[1]u–b = 0.217[1]
Anubis	s[4]
Quetzalcoatl	tholen = smu[1] · smu[7]b–v = 0.784[1]u–b = 0.430[1]
Boreas	s (tholen), s (smass)s[9] · sw[5][10][11]b–v = 0.852u–b = 0.407
Cuyo	smass = sl[3]
Clemence	tholen = x[1]x[4] · e[5]b–v = 0.750[1]u–b = 0.254[1]
Zulu	c[3]
Osiris	smass = c[1]
Franklin-Adams	s (assumed)[9]
Suvanto	s[3][9]
Summa	s[3][8]b–v = 1.010[1]
Kollaa	smass = v[1] · v[3]
Lucifer	smass = cgh[1] · c[3]
Capek	tholen = c[1]
Tinchen	v[3]
Lugano	smass = ch[1] · p[10]
Lausanna	s[3][7]
Loretta	c[3]
Whipple	c[3][11]
Wild	m[4] · c[5]
Anteros	s (tholen)[1] · l (smass)[1]sq[16] · s[17][18] · l[5]b–v = 0.841[1]u–b = 0.444[1]
Walraven	s[3]
Iso-Heikkila	d[8] · c[3]
Lick	smass = a[1] · a[4][6]
Hesburgh	tholen = cd:[1] · cd:[3]b–v = 0.756[1]u–b = 0.340[1]
Kukarkin	c[3]
McMath	s[3]
Artek	c[3]
Angara	s[3][8]b–v = 0.900[1]u–b = 0.380[1]
Chandra	c[3]
Guisan	c[3]b–v = 0.720[1]u–b = 0.290[1]
Dufour	c[3]
van de Kamp	s[3]
Menzel	s[3]
Shura	smass = sq[1][8]c[9] · s[3]
Sakharov	q-v[9] · s[3]
Tezcatlipoca	su (tholen)[1]sl (smass)[1]sw (exploreneos)[16]s (lcdb)[7]b–v = 0.955[1]u–b = 0.455[1]
Midas	smass = v[1]v[6]
Cline	s[3][9]
Bok	c[4] · s/c[3]
Hopmann	c[3]
Kaplan	s (assumed)[3]
Delores	s[3]
Tatry	smass = c[1][3]
Pilcher	tholen = s[2]s (assumed)[5]b–v = 0.850[2]u–b = 0.504[2]
Darwin	s[3]
Galvarino	m[4] · l[7] · s[3]
Shane	s[3]
Hajek	p[4] · x[3][9][10]
Adams	s[3]
Leverrier	s[3]
Titius	smass = xc[1]m[5] · c[8] · x[3]
Hirayama	c[3][9]
Herschel	tholen = s[4][5]b–v = 0.893[4]u–b = 0.494[4]
Einstein	x (tholen), xe (smass)[1]x[7] · e[5]b–v = 0.720[1]u–b = 0.261[1]
Euler	s[7]
Harding	c[5]
Lexell	ls[9] · s[3]
Hencke	s[3]
Polonskaya	s (family-based)[5]
McCuskey	c[12] · s[3]v–r = 0.340±0.040[12]
Konstitutsiya	c[5]
Voloshina	c[7][12]
Chebyshev	tholen = bu:[1]b–v = 0.705[1]u–b = 0.339[1]
Veteraniya	v[6] · s[3]
Guo Shou-Jing	c[11] · s[3]
Tucapel	s[3]
Vasilevskis	s[3]
Heinemann	c[3]
Wesson	s[3]b–v = 0.887[1]u–b = 0.545[1]
van Albada	smass = s[1] · s[3][10]
West	smass = s[1] · c[6]
Asaph	c[3]
Cottrell	s[3]
Janequeo	s[3]
Binomi	smass = s[1][3]
BAM	s[3][7]
Basilea	s[3]
Bernoulli	s[3]
Stearns	tholen = e[2]smass = xe[2][3][9]b–v = 0.737[2]u–b = 0.280[2]v–r = 0.440[7]
Sheragul	a[13] · s[3]
Tripaxeptalis	s[3]
Bistro	smass = sa[1] · s[3]
Ortutay	x[10] · c[3]
Wirt	s[4]
Leningrad	c[3]
Smetana	e[4]
Tamriko	tholen = s[1] · s[3]b–v = 0.825[1]u–b = 0.433[1]
Gawain	c[3]
Dvorak	s[4]
Nancy	smass = s[3][4]
Roka	c[10] · s[3]
Chiron	b (tholen), cb (smass), double-dip type (disco-webb)b–v = 0.704[6]u–b = 0.283[6]bb[18]c[12]
Anza	tholen = tcg:[1][3][4]b–v = 0.825[1]u–b = 0.350[1]
Aten	s (tholen)[1] · sr (smass)[1]b–v = 0.930[1]u–b = 0.460[1]
Bacchus	smass = sq[3] · s[7]
Thomsen	smass = s[1] · s[5][11][12]b–v = 0.887[1]u–b = 0.524[1]
Spicer	smass = xc[1] · p[4] · x[3]
Aksnes	tholen = p[1] · p[3] · d[5]b–v = 0.658[1]u–b = 0.240[1]
Hubble	c[3]
Kosmodemyanskaya	s[3]
Shoemaker	smass = sa[1] · s[3]
Jihlava	s[3]
Henan	smass = l[1][5]l (bus–demeo)[12]
Mizuho	tholen = s[1] · s[3]b–v = 0.871[1]u–b = 0.499[1]
Sampo	s[3]
Genichesk	c[3]
Magnitka	s[3]
Zyskin	s[3]
Opik	s (tholen)[1]ch (smass)[1]c (call)[4]b–v = 0.690[1]u–b = 0.350[1]
Ra-Shalom	c (tholen)[1] · xc (smass)[1]c (call)[12] · k[9]b–v = 0.712[1]u–b = 0.310[1]
Tantalus	q[1]
Toronto	m[6] · c (assumed)[3]
Tselina	tholen = s[1] · s[3]b–v = 0.799[1]u–b = 0.463[1]
Wallenquist	s[3]
Tyumenia	c (assumed)[3]
Sevastopol	s[4]
Pyatiletka	s[3]
Vltava	s[3]
Gerasimovich	s (assumed)[3]
Tanya	c[3][10]
Mayall	s (tholen)[1]s (smass)[1]s[5]b–v = 0.871[1]u–b = 0.450[1]
Dennispalm	tholen = dsu:[1][4]b–v = 0.936[1]
Makharadze	tholen = f[1] · f[3]b–v = 0.653[1]u–b = 0.231[1]
Kemerovo	p[7] · x (tholen)[3]
Blaauw	c (assumed)[3]
Stentor	c (assumed)[7]
Hadwiger	tholen = csu[1]c[6]
Akiyama	c[3]
Kate	tholen = s[1] · a[9]b–v = 0.916[1]u–b = 0.525[1]
Kukkamaki	b–v = 0.870[1]s (assumed)[8] · s[3]
Taiwan	smass = c[1] · c[3][12]
Maresjev	c (assumed)[3]
Andrea Doria	s[3][7]
Fogelin	s (assumed)[3]
La Silla	s[3]
Tengstrom	m[7] · s[3]
Shanghai	c[3]
Oljato	smass = sq[1] · c[7] · s[8][9]
Lyyli	smass = x[1] · p[11] · x[5]
Antenor	d (tholen)[4][5]d0 (barucci)[15]u–b = 0.232±038[4]b–v = 0.770±0.050[16]v–r = 0.450±0.030[16]v–i = 0.950±0.026[5]
Hephaistos	sg[1]
Meeus	s (assumed)[4]
Sarpedon	tholen = du[4]u–b = 0.244[4]b–v = 0.778[4]b–v = 0.753±0.032[12]b–v = 0.740±0.050[13]v–r = 0.465±0.025[12]v–r = 0.440±0.030[13]v–i = 0.905±0.033[12]v–i = 0.880±0.038[5]
Soyuz-Apollo	c[3]
Alcathous	d (tholen)[4][5]d0 (barucci)[18]d (tedesco)[18]u–b = 0.226[4]b–v = 0.660±0.050[19]v–r = 0.490±0.050[19]v–i = 0.940±0.024[5]
Tesla	smass = c[1]
Bowell	d (tholen and smass)[1]d[3]b–v = 0.746[1]u–b = 0.239[1]
Espinette	smass = sl[1] · s[4]
Neoptolemus	dtu: (tholen)[3][4]d (pan-starrs)[15]d (sdss-moc)[16][17]v–i = 0.950±0.024[4]
Gotz	tholen = fc[3]b–v = 0.634[3]u–b = 0.229[3]
Ron Helin	s[3]
Kugultinov	c[3]
Whitford	l[8] · s (sdss-mfb)[3][b]
Schilt	smass = s[1] · s[3]
El Leoncito	tholen = d[1]b–v = 0.752[1]u–b = 0.209[1]
Duboshin	tholen = d[3][4] · d[6]b–v = 0.73[3]u–b = 0.246[3]
Janice	c (assumed)[4]
Robeson	smass = c[3] · x[12]s (assumed)[4]
Hathor	csu (tholen)[1]sq (smass)[1] · s[6]b–v = 0.770[1]u–b = 0.500[1]
Michkovitch	c[3]
Kurchenko	smass = xc[3]c (assumed)[4]
Phereclos	d (tholen)[3][4]d (pan-starrs)[13]d (sdss-moc)[14][15]u–b = 0.237[3]b–v = 0.890±0.050[16]v–r = 0.470±0.030[16]v–i = 0.960±0.012[4]
Cebriones	tholen = d[3][4][14]u–b = 0.251[3]b–v = 0.740±0.050[15]v–r = 0.490±0.030[15]v–i = 0.910±0.054[4]
Beltrovata	tholen = sq[1] · s[4]b–v = 0.830[1]u–b = 0.520[1]
Schulhof	s (assumed)[7]
Tomita	s[3] · c[9]
Ciurlionis	s[3]
Ibarruri	smass = a[1][9]l[10] · s[11] · c[3]
Schurer	s (assumed)[13]
Bruce Helin	s (tholen)[1]
sl (smass)[1]
b–v = 0.815[1]
u–b = 0.415[1]
Sootiyo	ls[9] · s[3]
Hatshepsut	c (assumed)[3]
Educatio	s (smass-ii)[4]
Corbett	v[3][4]
Tomeileen	s (sdss-mfb)[3][b]
Kenos	tholen = e[1] · cx[9] · e[4]b–v = 0.684[1]u–b = 0.356[1]
Palamedes	c (assumed)[5]v–i = 0.920±0.024[5]
Tokai	smass = s[1] · s[3]
Guinevere	c[5]
Bussolini	p[5] · s[3]
Alascattalo	s[3]
Baetsle	s[3]
Rutllant	s[3]
Cambridge	s (assumed)[3]
Gilmore	s[3]
Calpurnia	c[7]
Skiff	s (assumed)[4]
Geisei	s[3]
Annschnell	cx[7] · c[5]
Bulgaria	smass = sr[1] · s[3]
Litva	tholen = eu[1] · sl[12] · q[13] · eu[4]b–v = 0.787[1]u–b = 0.340[1]
Mourao	v[6]
Dworetsky	s[3][7]
Acamas	c (assumed)[7]
Merlin	smass = ch[1]
Odessa	smass = xk[3]x[11] · m[6]
Seneca	tholen = s[1] · s[5]b–v = 0.826[1]u–b = 0.454[1]
Zech	s[3][6]
Rudra	smass = b[2][8]
Bobrovnikoff	s (assumed)[3]
Owa	s (assumed)[4]
Gingerich	c (assumed)[3]
Pisek	s (assumed)[10]
Pandarus	d tholen[3][4]d (pan-starrs)[13]d (sdss-moc)[14][15]b–v = 0.758[3]u–b = 0.252[3]b–v = 0.770±0.060[16]v–r = 0.450±0.040[16]v–i = 0.950±0.022[16]
Tolkien	smass = s[1] · s[3]
Aavasaksa	s[3]
Masursky	s[6]
Sersic	s[3]
Magion	x[14] · s (assumed)[6]
Albina	x[8] · c[3]
Rodari	s-type[3]: 876
Burns	smass = b[2][3]
Sagan	smass = s[1] · s[3]
Kotelnikov	l/s[9] · s (sdss-mfb)[a][3]
Barks	smass = c[1] · c[7]
Witt	smass = a[2]
Valdivia	s/c[3]
Birgitta	tholen = s[2]smass = s[2][3]b–v = 0.909[2]u–b = 0.527[2]
Cesky Krumlov	x[12] · c[3]
Campbell	s[3]
Wu Chien-Shiung	s (assumed)[3]
Efimov	smass = sa[1] · s[3] · l[5]
Idomeneus	d (pan-starrs)[10]d (sdss-moc)[11]v–i = 0.910±0.054[12]
Teucer	d (pan-starrs)[4][12]d (sdss-moc)[7][13]v–i = 0.920±0.045[4]
Karl Marx	smass = c[1]
Soma	s[4]
Ahti	c[3]
Bobhope	c[3]
Greenwich	tholen = s[1] · s[3]b–v = 0.867[1]u–b = 0.441[1]
Annette	s[3]
Vavilov	s (assumed)[3]
Laurel	s[3][8]
Steins	e[8][9][11]v–r = 0.510±0.030[12][13]
Binzel	smass = sq[1] · s[3]
Jim Young	smass = s[1] · s[3]
Tedesco	c (pan-starrs)[10]c (sdss-moc)[11]
Filipenko	smass = c[1] · c[3]
Peiroos	tholen = d[3][13][4]u–b = 0.252±0.083[13]b–v = 0.720±0.060[14]v–r = 0.470±0.040[14]v–i = 0.950±0.020[4]
Memnon	c (assumed)[6]b–v = 0.680±0.060[9]v–r = 0.380±0.040[9]v–i = 0.710±0.049[6]
Zhuhai	s[10][11]
Plaskett	smass = s[1]
Caltech	smass = xc · c[3]
Automedon	d (smass-1)[13]c (assumed)[4]v–i = 0.950±0.015[4]
Alamosa	s[4][7][8][9]
Aristophanes	smass = ch[1]
Gibbs	s[4]
Coconino	s[3]
Yeomans	smass = sr[1] · s[3]
Scholl	c[3]
Spahr	s (sdss-moc)[9]s (pan-starrs)[5][10]a (s3os2-th)[11]a (s3os2-bb)[11]
Shakespeare	s[3]
Taratuta	s[3]
Leonardo	smass = b[3][13]
Candy	c (assumed)[3]
Houston	s[3]
Climenhaga	s[3]
Alku	smass = c[1] · c[3]
Kozai	smass = s[1]
San Diego	e[4]
Alois	x[7] · c[3]
Makhaon	d (s3os2)[13]v–i = 0.830±0.022[5]b–r = 1.230±0.033[5]
McFadden	s (assumed)[3]
Akhmatova	s[3]
Aitken	s[3]
Kursk	s[3]
Popov	smass = b[2]
Hergenrother	c[3]
Krok	qrs (tholen)[1]s (smass)[1]sqw[7] · qrs[4]b–v = 0.834[1]u–b = 0.521[1]
Eger	e
Florence	smass = s[1][7] · sq[19]
Mason-Dixon	s (family based)[9]
Sendai	s[3]
Horky	smass = c[2]
Buchar	d (s3os2)[8]c (assumed)[3]
Ostro	ts (tholen)[1]xe (smass)[1]b–v = 0.771[1]u–b = 0.306[1]
Alcock	c (assumed)[3]
Paolicchi	c[3]
Ahnert	smass = s[1] · s[3][7]
Raab	c/s (generic)[4]
A'Hearn	smass = c[1] · c[3]
Wallonia	smass = s[3]sqw (bus–demeo)[6]k (s3os2)[7]
Nefertiti	b–v = 0.895[1]u–b = 0.418[1]s (tholen),[1] · sq (smass)[1] · k[10] · q[11] · s[12][4]
Phaethon	f-type asteroid[1][7]
Sijthoff	s (assumed)[5]
Graff	d[6] · c[3]
Lindgren	b (s3os2)[11]c (assumed)[8]
Agricola	s[4]
Hoag	s/l (s3os2)[16]e/s (assumed)[3]
Laocoon	d (pan-starrs)[9][10]d (sdss-moc)[11]b–v = 0.670±0.060[12]v–r = 0.430±0.040[12]v–i = 0.880±0.046[9]
Di Martino	s (assumed)[3]
Bus	smass = t[1]d[5] · t[4]
Tholen	smass = s[3][9]s (bus–demeo)[9]
Glo	ls[9] · s (derived)[4]
De Sanctis	s (assumed)[2]
Aaronson	c[3]
Maupertuis	s (assumed)[4]v (possibly)
Seleucus	s (tholen)[1] · k (smass)[1] · s[10]b–v = 0.910[1]u–b = 0.500[1]
Azabu	xl (sdss-moc)[8]xl (pan-starrs)[9]c (sdss-mfb)[3][b]
Brorfelde	smass = s[1] · s[4]
Paris	t (smass-ii)[9]d (bus–demeo)[9]b–v = 0.960±0.060[17]v–r = 0.480±0.040[17]v–i = 0.950±0.010[5]
Blixen	s[3]
Lidiya	s[3][8]
Gantrisch	x[5]
Schaber	c (assumed)[3]
Nedzel	s (sdss-mfb)[4]
Tarkovskij	smass = c[1]
Scobee	s[4]
McAuliffe	smass = a[1]sq[7] · a[4]
Jarvis	c · es[4][a]
Khufu	b-type asteroid[4]
Alex	smass = x[1]e[4] · x[3]
Sinon	c (assumed)[7]
Vanphilos	smass = s[1] · s[4]
Wisdom	s (assumed)[4]
Omsk	smass = x[2]m[8] · c[5][11]
Abramov	s[3]
Hurukawa	s[3]
Roberts	c/s (assumed)[3]
Bradfield	smass = sq[2]
Mentor	x (smass)[12]x (sdss-moc)[13]x (pan-starrs)[4][14]p (wise)[4]c (assumed)[4]b–v = 0.730±0.060[15]v–r = 0.380±0.040[15]v–i = 0.770±0.020[4]
Purple Mountain	v (smass-i xu)[3] · v[4]s (assumed)[5]s/sv (sdss-moc)[10]
Jurgen	ls[7] · s[3]
Protesilaos	c (assumed)[5]v–i = 0.940±0.040[5]
Borodino	s (assumed)[3]
Eurybates	c[11][9]b–v = 0.739±0.026[9]v–r = 0.384±0.021[9]v–i = 0.355±0.015[9]
Verenia	v[2]
Don Quixote	d (tholen) · d (smass)
Amun	m-type asteroid
Canterbury	smass = ch[1] · c[3][10]
Talthybius	d (pan-starrs)[13]d (sdss-moc)[14]c (assumed)[4]
Alvema	smass = xc[1]p[5] · x[4]
ASCII	d (sdss-moc)[5]
Carestia	c[7]
Alvarez	smass = b[2][6][7]
Meriones	c (assumed)[4]v–i = 0.830±0.057[4]
Boznemcova	smass = o[1] · o[3][9]
Kreutz	smass = s[1][4]
Gostin	smass = s[2][3]
Frieden	smass = c[1] · c[6]
Vertinskij	smass = s[2][4]
Dionysus	b[2]
Levy	s[3]
Erbisbuhl	smass = sk[1]
Welther	c (assumed)[7]
Dzus	smass = ch[1] · c[8]
Navajo	p[5]
Geowilliams	smass = s k[2]
Volkonskaya	v[4]
Socus	c (assumed)[4]b–v = 0.720±0.060[13]v–r = 0.490±0.040[13]v–i = 0.980±0.031[4]
Polypoites	c (assumed)[5]d (s3os2)[16]v–i = 1.000±0.034[5]
Bogoslovskij	cgh (smassii)
Kenrussell	s (assumed)[3]
Annenskij	s (family-based)[12]
IRAS	cx[9] · s[3]
Beckman	smass = s[2][8]b–v = 0.839[2]u–b = 0.406[2]
Balam	sq[13][14]
Camillo	s (assumed)[8]
Cruithne	q
Kathleen	c (assumed)[4]
Anagolay	tholen = s[1]b–v = 0.859±0.012[1]u–b = 0.522±0.009[1]
Alexejtolstoj	s[3]
Celle	smass = v[2][3] · v[15]v–i = 0.880±0.050[10]
Kitami	c[3][7]
Aivazovskij	s[3][8]
Zhongguo	t (s3os2-th)[7][8]xk (s3os2-bb)[7][8]
Raywilson	c[3][8]
Leonteus	d (sdss-moc)[13]d (s3os2)[14]c (assumed)[3]v–i = 0.780±0.031[3]
Sthenelos	c (assumed)[7]v–i = 1.070±0.048[7]
Karayusuf	smass = s[2] · s[3][6]l (sdss-moc)[7][8][9]
Thrasymedes	c (assumed)[8]
Segovia	s[3]
Yorii	c[3][9]
Dicicco	smass = s[1] · s[10][3]
Lujiaxi	smass = l[1]l (bus–demeo)[8]: 5 c (assumed)[6]
Peltier	smass = v[1] · v[3]
Alhambra	s[3]
George	s (assumed)[4]
Mendoza	s[3]
Akirafujii	c[11] · s (assumed)[3]
Roddy	smass = s[1] · s[4] · l[13]
DeLaeter	s (assumed)[3]
Doppler	s[5]
Nyx	v
Fukushima	p[6] · c[3]
Elst	s[3]
Zichichi	s[3]
Perth	s[3]
Chaliubieju	s[3]
Valyaev	c (assumed)[3]
Kastel'	p[4] · s[3]
Huma	s[4]
Fugaku	s[3]
Ptolemaeus	smass = s[2]
Schumann	c[3]
Euryalos	c (assumed)[7]
Corbin	s[3][7]
Drobyshevskij	c[10] · c (assumed)[3]
Wilson-Harrington	(orange)b−v=0.666u−b=0.279
Nonna	qv[8] · s (assumed)[3]
Bridges	s[12][3]
Mueller	e[3][5] · x[10]
Vishnu	smass = o[1]
Thestor	c (assumed)[4]v–i = 0.970±0.031[4]
Lowengrub	c (assumed)[3]
Magellan	v (tholen)[1]v (smass)[1]v[15][16][17][18][19]
Demophon	c (assumed)[7]v–i = 1.060±0.037[7]
Deipylos	c (s3os2-th)[14][15]c/b (s3os2-bb)[14][15]c (assumed)[4]v–i = 0.760±0.018[4]
Euforbo	c (assumed)[4]d (s3os2-th)[16]d (s3os2-bb)[16]v–i = 0.950±0.014[4]
Menestheus	d (s3os2)[11]c (assumed)[4]v–i = 0.950±0.027[4]
Swann	smass = ch[1] · c[3]
Weir	s (tholen)[4]
Podalirius	c (assume)[4]v–i = 0.870±0.056[4]
Risehvezd	s[3]
Kalchas	c (assumed)[8]v–i = 0.810±0.038[8]
Dersu-Uzala	smass = a[3][9]srw[4][10]
Lennon	v[7]: 5  · s[3]
McCartney	s
Harrison	s[3]
Starr	s[3][8]
Alanhale	c[3][8]
Billbaum	l[8] · s (assumed)[4]
Sudek	c (assumed)[4]
Toutatis	sk (smassii)[3]
Cuno	smass = sq[1]q[13][14][15] · s[6][16]b–v =0.806±0.013[13]v–r =0.457±0.008[13]v–i =0.746±0.009[13]
Phystech	s (assumed)[5]
Morpheus	smass = sq[1] · s[5]
David Hughes	smass = xe[2][5]
Briggs	c[4]
Engelhardt	s[3][11]
Nancita	smass = s[1][8]
van den Bergh	c (assumed)[4]
Ubasti	s[5]
Abashiri	s[3]
Kani	smass = c[1][3]
Clifford	smass = cb[1]
Endate	s[3]
Bata	d (sdss-moc)[11][12]
Bickel	s[4]
Milton	smass = xe[2] · c[9]
Dence	smass = s[2][4]
Poseidon	smass = o[1][3]
Poulydamas	c (assumed)[5]b–v = 0.640±0.060[15]v–r = 0.410±0.040[15]v–i = 0.840±0.036[5]
Tiburcio	x[10] · s[3]
Euclides	c (est. dora family)
Lynn	s[3]
Carlisle	s (assumed)[10]
Shkodrov	s (assumed)[5]
Suruga	v[9] · s[3]
Balodis	c[3]
Aditi	s[5]
Chinmoy	s (nysian member)[3]
McGraw-Hill	s (assumed)[3]
Holt	smass = s[1][4]
Tchantches	e[4][8]
Carolyn	c (assumed)[3]
Pan	s[6]
Grieve	smass = s[3][2]svw (bus–demeo)[6]
Mithra	s[7]
Dracius	d (sdss-moc)[14]d (s3os2)[15]d (pan-starrs)[4][16]v–i = 0.950±0.037[4]
Debussy	c[9]
Eurypylos	c (assumed)[8]
Barklajdetolli	s[5]
Phoinix	c (assumed)[4]v–i = 1.200±0.078[4]
Massachusetts	smass = x[1][3] · p[11]
Ainonai	c (family-based)[9][10]
Rees	s/sr (assumed)[3][5]
Saheki	s[3]
Seilandfarm	smass = l[1] · l[3]
Wodehouse	l[9] · c (sdss-mfb)[3]
Roddenberry	s (assumed)[3]
Nereus	xe
Pauling	e[5]
Khryses	c (assumed)[6]
Polydoros	d (pan-starrs)[7][9]d (sdss-moc)[10]b–v = 0.770±0.060[11]v–r = 0.520±0.040[11]v–i = 0.960±0.040[7]
Ennomos	c (assumed)[4]b–v = 0.670±0.060[16]v–r = 0.350±0.040[16]v–i = 0.690±0.017[4]
Steel	smass = a[1] · a[3]
Medesicaste	c (assumed)[9]b–v = 0.680±0.060[11]v–r = 0.430±0.040[11]v–i = 0.850±0.030[9]
Agelaos	c (assumed)[9]b–v = 0.690±0.060[10]v–r = 0.500±0.040[10]v–i = 0.910±0.046[9]
Panthoos	c (assumed)[9]
Asaramas	l[6] · s[3]
Jia-xiang	s (assumed)[3]
Wasserburg	e[4]b–v = 0.852±0.043[14]v–r = 0.456±0.023[14]v–i = 0.813±0.040[14]
Tatianina	smass = xc[2] · e[8]
Sprattia	s (pan-starrs)[3][9]s (sdss-moc)[10]
Petrpravec	c (pan-starrs)[4][12]c (sdss-moc)[13][14]
Iphidamas	c (assumed)[10]b–v = 0.670±0.060[11]v–r = 0.610±0.040[11]v–i = 1.030±0.049[10]
Lykaon	d (sdss-moc)[10]b–v = 0.830±0.060[11]v–r = 0.420±0.040[11]v–i = 0.960±0.025[8]
Ako	s[3]
Pasteur	smass = c[1] · c[11]c (sdss–mfb)[3]
Asteropaios	c (assumed)[9]
Dares	d (pan-starrs)[7][9]d (sdss-moc)[10][11]
Misenus	c (assumed)[9]b–v = 0.670±0.060[10]v–r = 0.410±0.040[10]v–i = 0.920±0.055[9]
Palinurus	d (pan-starrs)[7][9]d (sdss-moc)[10]b–v = 0.830±0.060[11]v–r = 0.510±0.040[11]v–i = 1.000±0.038[7]
Meges	d (s3os2)[13]c (assumed)[4]v–i = 0.940±0.022[4]
Thoas	c (assumed)[4]v–i = 0.950±0.033[4]
Medon	c (assumed)[4]v–i = 0.920±0.039[3]
Polites	c (assumed)[9]b–v = 0.660±0.060[11]v–r = 0.510±0.040[11]v–i = 1.010±0.044[9]
Knushevia	e[4]
Candace	s (assumed)[4]
Thessandrus	d (pan-starrs)[7][10]d (sdss-moc)[11]v–i = 0.960±0.044[7]
Makio	s[4]
Clarke	smass = s[2][6]
Butakov	s[3]
Munroe	smass = x[1]
Kozlovskij	smass = cb[3] · c[7]
Askalaphus	d (pan-starrs)[10][11]
d (sdss-moc)[7][12]
v–i = 0.940±0.038[10]
Ninkasi	sq[2]
Akasofu	s[3]
Iwamoto	smass = s[1] · s[3]v–r = 0.480±0.030[b]
Eric	s (smassii)
Brucemurray	smass = s[1][6] · s[12]b–v = 0.866±0.042[12]v–r = 0.526±0.018[12]v–i = 0.956±0.021[12]
Niinoama	c (assumed)[3]
Vecherka	s (assumed)[9]
Otawara	s-type[7]: 330
Ksana	smass = b[1] · b[3]
Amenemhet	smass = s[1] · s[4][7]
Ptah	q[5][6]
Eurymedon	c (pan-starrs)[7][9]c (sdss-moc)[10][11]
Agapenor	x[10] · c[5]
Mecisteus	c/x (pan-starrs)[7][10]c/x (sdss-moc)[11][12]v–i = 0.830±0.042[7]
Martes	b–v = 0.863±0.042[8]v–r = 0.440±0.047[8]c[9] · s[3]
Androgeos	d (pan-starrs)[9][10]d (sdss-moc)[11]v–i = 0.910±0.033[9]
Halaesus	d pan-starrs[9][10]d (sdss-moc)[11]v–i = 0.900±0.069[9]
Rabinowitz	s[3]
Theotes	c (assumed)[7]
Oja	s[11] · s (assumed)[3]
Tancredi	c[3][6]
Akhmerov	cx[7] · s[3]
Imbrius	c (assumed)[9]b–v = 0.680±0.060[10]v–r = 0.440±0.040[10]v–i = 0.970±0.032[9]
Bitias	c (assumed)[7]b–v = 0.780±0.060[9]v–r = 0.450±0.040[9]v–i = 0.780±0.037[7]
Achaemenides	c (assumed)[9]
Ilioneus	c (assumed)[10]b–v = 0.940±0.060[11]v–r = 0.390±0.040[11]v–i = 0.960±0.030[10]
Heracles	smass = o[1]q[21] · c[22] · o[11]v–r = 0.420±0.070[5]
Achates	c (assumed)[4]b–v = 0.750±0.060[13]v–r = 0.460±0.040[13]v–i = 0.920±0.013[13]
Pholus	tholen = z[5]
rr (very red)[10]
rr-u[11]
b−v = 1.19[9]
v−r = 0.78[9]
Giordano	c[3]
Augustesen	x[11] · s[3]
Ables	e[3]
Yoichi	s (assumed)[5]
Bustelli	smass = s[2][6]
Royer	smass = s[2][6]
Ioffe	b (smassii)[1]
Amphilochos	c (assumed)[8]v–r = 0.407±0.044[9]v–i = 0.770±0.047[9]
Ulysses	c (assumed)[5]v–i = 0.970±0.042[5]
Farquhar	s[3]
Rhoeo	c (assumed)[6]v–r = 0.466±0.041[9]v–i = 1.010±0.050[6]
Epeigeus	d (pan-starrs)[9][10]d (sdss-moc)[11]
Eureka	s(i)[4] (gaffey)
Telephus	d (sdss-moc)[14]d (s3os2)[15]c (assumed)[5]v–i = 0.970±0.034[5]
Pyrrhus	c (assumed)[9]v–i = 0.950±0.042[9]
Orsilocus	d (pan-starrs)[7][9]d (sdss-moc)[10]v–i = 0.970±0.047[7]
Krethon	c (assumed)[10]v–i = 1.090±0.044[10]
Filatov	c[3]
Dientzenhofer	smass = sk[2][3]
Erimomisaki	c (assumed)[8]
